[{"model": "common.industry", "pk": 17, "fields": {"title": "Hospitality and Tourism"}}, {"model": "common.industry", "pk": 18, "fields": {"title": "Financial Services"}}, {"model": "common.industry", "pk": 19, "fields": {"title": "Construction"}}, {"model": "common.industry", "pk": 20, "fields": {"title": "Agriculture"}}, {"model": "common.industry", "pk": 21, "fields": {"title": "Forestry"}}, {"model": "common.industry", "pk": 22, "fields": {"title": "Fishing"}}, {"model": "common.industry", "pk": 23, "fields": {"title": "Mining and Quarrying"}}, {"model": "common.industry", "pk": 24, "fields": {"title": "Oil and Gas Extraction"}}, {"model": "common.industry", "pk": 25, "fields": {"title": "Automotive Industry"}}, {"model": "common.industry", "pk": 26, "fields": {"title": "Aerospace Industry"}}, {"model": "common.industry", "pk": 27, "fields": {"title": "Electronics and Semiconductors"}}, {"model": "common.industry", "pk": 28, "fields": {"title": "Chemical Manufacturing"}}, {"model": "common.industry", "pk": 29, "fields": {"title": "Pharmaceuticals"}}, {"model": "common.industry", "pk": 30, "fields": {"title": "Food and Beverage Manufacturing"}}, {"model": "common.industry", "pk": 31, "fields": {"title": "Textile and Apparel Manufacturing"}}, {"model": "common.industry", "pk": 32, "fields": {"title": "Steel and Metal Production"}}, {"model": "common.industry", "pk": 33, "fields": {"title": "Furniture Manufacturing"}}, {"model": "common.industry", "pk": 34, "fields": {"title": "Plastic and Rubber Manufacturing"}}, {"model": "common.industry", "pk": 35, "fields": {"title": "Paper and Pulp Industry"}}, {"model": "common.industry", "pk": 36, "fields": {"title": "Renewable Energy Equipment Manufacturing"}}, {"model": "common.industry", "pk": 37, "fields": {"title": "Retail"}}, {"model": "common.industry", "pk": 38, "fields": {"title": "Healthcare and Social Assistance"}}, {"model": "common.industry", "pk": 39, "fields": {"title": "Education"}}, {"model": "common.industry", "pk": 40, "fields": {"title": "Real Estate"}}, {"model": "common.industry", "pk": 41, "fields": {"title": "Transportation and Logistics"}}, {"model": "common.industry", "pk": 42, "fields": {"title": "Telecommunications"}}, {"model": "common.industry", "pk": 43, "fields": {"title": "Information Technology (IT) and Software Development"}}, {"model": "common.industry", "pk": 44, "fields": {"title": "Media and Entertainment"}}, {"model": "common.industry", "pk": 45, "fields": {"title": "Legal Services"}}, {"model": "common.industry", "pk": 46, "fields": {"title": "Consulting Services"}}, {"model": "common.industry", "pk": 47, "fields": {"title": "Fitness and Wellness"}}, {"model": "common.industry", "pk": 48, "fields": {"title": "Public Administration"}}, {"model": "common.industry", "pk": 49, "fields": {"title": "Research and Development (R&D)"}}, {"model": "common.industry", "pk": 50, "fields": {"title": "Scientific and Technical Services"}}, {"model": "common.industry", "pk": 51, "fields": {"title": "Data Analytics"}}, {"model": "common.industry", "pk": 52, "fields": {"title": "Artificial Intelligence (AI)"}}, {"model": "common.industry", "pk": 53, "fields": {"title": "Biotechnology"}}, {"model": "common.industry", "pk": 54, "fields": {"title": "Space Technology"}}, {"model": "common.industry", "pk": 55, "fields": {"title": "Government and Policy"}}, {"model": "common.industry", "pk": 56, "fields": {"title": "Non-Profit and NGO Sector"}}, {"model": "common.industry", "pk": 57, "fields": {"title": "Cultural and Creative Industries"}}, {"model": "common.industry", "pk": 58, "fields": {"title": "Executive Management"}}, {"model": "common.jobcategory", "pk": 74, "fields": {"title": "Junior posts", "industry": 17}}, {"model": "common.jobcategory", "pk": 75, "fields": {"title": "Mid-Level Positions", "industry": 17}}, {"model": "common.jobcategory", "pk": 76, "fields": {"title": "Senior Level Positions", "industry": 17}}, {"model": "common.jobcategory", "pk": 77, "fields": {"title": "General Positions", "industry": 19}}, {"model": "common.jobcategory", "pk": 78, "fields": {"title": "Administrative & Office Positions", "industry": 19}}, {"model": "common.jobcategory", "pk": 79, "fields": {"title": "Engineering and Design Positions", "industry": 19}}, {"model": "common.jobcategory", "pk": 80, "fields": {"title": "Skilled Trades & Technicians", "industry": 19}}, {"model": "common.jobcategory", "pk": 81, "fields": {"title": "Heavy Machinery & Equipment", "industry": 19}}, {"model": "common.jobcategory", "pk": 82, "fields": {"title": "Specialty Trade Workers", "industry": 19}}, {"model": "common.jobcategory", "pk": 83, "fields": {"title": "Concrete & Foundations", "industry": 19}}, {"model": "common.jobcategory", "pk": 84, "fields": {"title": "Finishing & Detailing", "industry": 19}}, {"model": "common.jobcategory", "pk": 85, "fields": {"title": "Environmental & Safety", "industry": 19}}, {"model": "common.jobcategory", "pk": 86, "fields": {"title": "Utilities & Infrastructure", "industry": 19}}, {"model": "common.jobcategory", "pk": 87, "fields": {"title": "Surveying & Planning", "industry": 19}}, {"model": "common.jobcategory", "pk": 88, "fields": {"title": "Logistics & Support", "industry": 19}}, {"model": "common.jobcategory", "pk": 89, "fields": {"title": "Mechanical & Systems", "industry": 19}}, {"model": "common.jobcategory", "pk": 90, "fields": {"title": "Project Management & Leadership", "industry": 19}}, {"model": "common.jobcategory", "pk": 91, "fields": {"title": "Quality Control & Inspection", "industry": 19}}, {"model": "common.jobcategory", "pk": 92, "fields": {"title": "Green Building & Sustainability", "industry": 19}}, {"model": "common.jobcategory", "pk": 93, "fields": {"title": "Specialized Roles", "industry": 19}}, {"model": "common.jobcategory", "pk": 94, "fields": {"title": "Apprenticeships & Assistants", "industry": 19}}, {"model": "common.jobcategory", "pk": 95, "fields": {"title": "Management Roles", "industry": 18}}, {"model": "common.jobcategory", "pk": 96, "fields": {"title": "Corporate Banking & Finance Roles", "industry": 18}}, {"model": "common.jobcategory", "pk": 97, "fields": {"title": "Investment Banking Roles", "industry": 18}}, {"model": "common.jobcategory", "pk": 98, "fields": {"title": "Retail and Personal Banking Roles", "industry": 18}}, {"model": "common.jobcategory", "pk": 99, "fields": {"title": "Risk and Compliance Roles", "industry": 18}}, {"model": "common.jobcategory", "pk": 100, "fields": {"title": "Technology and Digital Banking Roles", "industry": 18}}, {"model": "common.jobcategory", "pk": 101, "fields": {"title": "Wealth Management and Advisory Roles", "industry": 18}}, {"model": "common.jobcategory", "pk": 102, "fields": {"title": "Customer Service and General Banking Roles", "industry": 18}}, {"model": "common.jobcategory", "pk": 103, "fields": {"title": "Marketing and Sales Roles", "industry": 18}}, {"model": "common.jobcategory", "pk": 104, "fields": {"title": "Administrative and Support Roles", "industry": 18}}, {"model": "common.job", "pk": 286, "fields": {"title": "Front Desk Receptionist", "category": 74, "require_appearance_data": false}}, {"model": "common.job", "pk": 287, "fields": {"title": "Housekeeping Attendant", "category": 74, "require_appearance_data": false}}, {"model": "common.job", "pk": 288, "fields": {"title": "Waiter/Waitress", "category": 74, "require_appearance_data": false}}, {"model": "common.job", "pk": 289, "fields": {"title": "Kitchen Helper", "category": 74, "require_appearance_data": false}}, {"model": "common.job", "pk": 290, "fields": {"title": "Guest Service Agent", "category": 74, "require_appearance_data": false}}, {"model": "common.job", "pk": 291, "fields": {"title": "Barista", "category": 74, "require_appearance_data": false}}, {"model": "common.job", "pk": 292, "fields": {"title": "Bellhop", "category": 74, "require_appearance_data": false}}, {"model": "common.job", "pk": 293, "fields": {"title": "Cook", "category": 74, "require_appearance_data": false}}, {"model": "common.job", "pk": 294, "fields": {"title": "Room Attendant", "category": 74, "require_appearance_data": false}}, {"model": "common.job", "pk": 295, "fields": {"title": "Porter", "category": 74, "require_appearance_data": false}}, {"model": "common.job", "pk": 296, "fields": {"title": "Dishwasher", "category": 74, "require_appearance_data": false}}, {"model": "common.job", "pk": 297, "fields": {"title": "Concierge", "category": 74, "require_appearance_data": false}}, {"model": "common.job", "pk": 298, "fields": {"title": "Busser", "category": 74, "require_appearance_data": false}}, {"model": "common.job", "pk": 299, "fields": {"title": "Laundry Attendant", "category": 74, "require_appearance_data": false}}, {"model": "common.job", "pk": 300, "fields": {"title": "Valet Attendant", "category": 74, "require_appearance_data": false}}, {"model": "common.job", "pk": 301, "fields": {"title": "Host/Hostess", "category": 74, "require_appearance_data": false}}, {"model": "common.job", "pk": 302, "fields": {"title": "Maintenance Technician", "category": 74, "require_appearance_data": false}}, {"model": "common.job", "pk": 303, "fields": {"title": "Reservation Agent", "category": 74, "require_appearance_data": false}}, {"model": "common.job", "pk": 304, "fields": {"title": "Prep Cook", "category": 74, "require_appearance_data": false}}, {"model": "common.job", "pk": 305, "fields": {"title": "Room Service Attendant", "category": 74, "require_appearance_data": false}}, {"model": "common.job", "pk": 306, "fields": {"title": "Food Stylist", "category": 74, "require_appearance_data": false}}, {"model": "common.job", "pk": 307, "fields": {"title": "Baker", "category": 74, "require_appearance_data": false}}, {"model": "common.job", "pk": 308, "fields": {"title": "Telephone Operator / Switchboard Operator", "category": 74, "require_appearance_data": false}}, {"model": "common.job", "pk": 309, "fields": {"title": "Doorman", "category": 74, "require_appearance_data": false}}, {"model": "common.job", "pk": 310, "fields": {"title": "Public Area Attendant", "category": 74, "require_appearance_data": false}}, {"model": "common.job", "pk": 311, "fields": {"title": "Groundskeeper", "category": 74, "require_appearance_data": false}}, {"model": "common.job", "pk": 312, "fields": {"title": "Electrician, HVAC Technician, Pool Technician, Painter / Decorator", "category": 74, "require_appearance_data": false}}, {"model": "common.job", "pk": 313, "fields": {"title": "Driver / Chauffeur", "category": 74, "require_appearance_data": false}}, {"model": "common.job", "pk": 314, "fields": {"title": "Massage Therapist", "category": 74, "require_appearance_data": false}}, {"model": "common.job", "pk": 315, "fields": {"title": "Restaurant Manager", "category": 75, "require_appearance_data": false}}, {"model": "common.job", "pk": 316, "fields": {"title": "Banquet Manager", "category": 75, "require_appearance_data": false}}, {"model": "common.job", "pk": 317, "fields": {"title": "Front Office Manager", "category": 75, "require_appearance_data": false}}, {"model": "common.job", "pk": 318, "fields": {"title": "Assistant Food and Beverage", "category": 75, "require_appearance_data": false}}, {"model": "common.job", "pk": 319, "fields": {"title": "Event Coordinator", "category": 75, "require_appearance_data": false}}, {"model": "common.job", "pk": 320, "fields": {"title": "Executive Housekeeper", "category": 75, "require_appearance_data": false}}, {"model": "common.job", "pk": 321, "fields": {"title": "Assistant Restaurant Manager", "category": 75, "require_appearance_data": false}}, {"model": "common.job", "pk": 322, "fields": {"title": "Catering Manager", "category": 75, "require_appearance_data": false}}, {"model": "common.job", "pk": 323, "fields": {"title": "Sales Manager", "category": 75, "require_appearance_data": false}}, {"model": "common.job", "pk": 324, "fields": {"title": "Assistant Front Office", "category": 75, "require_appearance_data": false}}, {"model": "common.job", "pk": 325, "fields": {"title": "Bar Manager", "category": 75, "require_appearance_data": false}}, {"model": "common.job", "pk": 326, "fields": {"title": "Spa Manager", "category": 75, "require_appearance_data": false}}, {"model": "common.job", "pk": 327, "fields": {"title": "Facilities Manager", "category": 75, "require_appearance_data": false}}, {"model": "common.job", "pk": 328, "fields": {"title": "Assistant General Manager", "category": 75, "require_appearance_data": false}}, {"model": "common.job", "pk": 329, "fields": {"title": "Revenue Analyst", "category": 75, "require_appearance_data": false}}, {"model": "common.job", "pk": 331, "fields": {"title": "Purchasing Manager", "category": 75, "require_appearance_data": false}}, {"model": "common.job", "pk": 332, "fields": {"title": "Training Manager", "category": 75, "require_appearance_data": false}}, {"model": "common.job", "pk": 333, "fields": {"title": "Marketing Manager", "category": 75, "require_appearance_data": false}}, {"model": "common.job", "pk": 334, "fields": {"title": "Guest Relations Manager", "category": 75, "require_appearance_data": false}}, {"model": "common.job", "pk": 335, "fields": {"title": "IT Support Specialist", "category": 75, "require_appearance_data": false}}, {"model": "common.job", "pk": 336, "fields": {"title": "Hotel General Manager", "category": 76, "require_appearance_data": false}}, {"model": "common.job", "pk": 337, "fields": {"title": "Director of Operations", "category": 76, "require_appearance_data": false}}, {"model": "common.job", "pk": 338, "fields": {"title": "Director of Sales", "category": 76, "require_appearance_data": false}}, {"model": "common.job", "pk": 339, "fields": {"title": "Director of Marketing", "category": 76, "require_appearance_data": false}}, {"model": "common.job", "pk": 340, "fields": {"title": "Executive Chef", "category": 76, "require_appearance_data": false}}, {"model": "common.job", "pk": 341, "fields": {"title": "Revenue Manager", "category": 76, "require_appearance_data": false}}, {"model": "common.job", "pk": 342, "fields": {"title": "Human Resources Manager", "category": 76, "require_appearance_data": false}}, {"model": "common.job", "pk": 343, "fields": {"title": "Director of Finance", "category": 76, "require_appearance_data": false}}, {"model": "common.job", "pk": 344, "fields": {"title": "Director of Guest Services", "category": 76, "require_appearance_data": false}}, {"model": "common.job", "pk": 345, "fields": {"title": "Director of Maintenance", "category": 76, "require_appearance_data": false}}, {"model": "common.job", "pk": 346, "fields": {"title": "Director of Quality Assurance", "category": 76, "require_appearance_data": false}}, {"model": "common.job", "pk": 347, "fields": {"title": "Director of Housekeeping", "category": 76, "require_appearance_data": false}}, {"model": "common.job", "pk": 348, "fields": {"title": "Director of Food and Beverage", "category": 76, "require_appearance_data": false}}, {"model": "common.job", "pk": 349, "fields": {"title": "Director of Events", "category": 76, "require_appearance_data": false}}, {"model": "common.job", "pk": 350, "fields": {"title": "Director of Front Office", "category": 76, "require_appearance_data": false}}, {"model": "common.job", "pk": 351, "fields": {"title": "Director of Catering", "category": 76, "require_appearance_data": false}}, {"model": "common.job", "pk": 352, "fields": {"title": "Director of Banquets", "category": 76, "require_appearance_data": false}}, {"model": "common.job", "pk": 353, "fields": {"title": "Director of Spa", "category": 76, "require_appearance_data": false}}, {"model": "common.job", "pk": 354, "fields": {"title": "Director of Rooms", "category": 76, "require_appearance_data": false}}, {"model": "common.job", "pk": 355, "fields": {"title": "Director of Security", "category": 76, "require_appearance_data": false}}, {"model": "common.job", "pk": 356, "fields": {"title": "Construction Laborer/Worker", "category": 77, "require_appearance_data": false}}, {"model": "common.job", "pk": 357, "fields": {"title": "General Contractor", "category": 77, "require_appearance_data": false}}, {"model": "common.job", "pk": 358, "fields": {"title": "Construction Foreman", "category": 77, "require_appearance_data": false}}, {"model": "common.job", "pk": 359, "fields": {"title": "Construction Manager", "category": 77, "require_appearance_data": false}}, {"model": "common.job", "pk": 360, "fields": {"title": "Project Manager", "category": 77, "require_appearance_data": false}}, {"model": "common.job", "pk": 361, "fields": {"title": "Site Supervisor", "category": 77, "require_appearance_data": false}}, {"model": "common.job", "pk": 362, "fields": {"title": "Site Safety Officer", "category": 77, "require_appearance_data": false}}, {"model": "common.job", "pk": 363, "fields": {"title": "Superintendent", "category": 77, "require_appearance_data": false}}, {"model": "common.job", "pk": 364, "fields": {"title": "Estimator", "category": 77, "require_appearance_data": false}}, {"model": "common.job", "pk": 365, "fields": {"title": "Quantity Surveyor", "category": 77, "require_appearance_data": false}}, {"model": "common.job", "pk": 366, "fields": {"title": "Scheduler", "category": 77, "require_appearance_data": false}}, {"model": "common.job", "pk": 367, "fields": {"title": "Building Inspector", "category": 77, "require_appearance_data": false}}, {"model": "common.job", "pk": 368, "fields": {"title": "Dangerous Goods Driver", "category": 77, "require_appearance_data": false}}, {"model": "common.job", "pk": 369, "fields": {"title": "Contract Administrator", "category": 78, "require_appearance_data": false}}, {"model": "common.job", "pk": 370, "fields": {"title": "Project Coordinator", "category": 78, "require_appearance_data": false}}, {"model": "common.job", "pk": 371, "fields": {"title": "Procurement Specialist", "category": 78, "require_appearance_data": false}}, {"model": "common.job", "pk": 372, "fields": {"title": "Document Controller", "category": 78, "require_appearance_data": false}}, {"model": "common.job", "pk": 373, "fields": {"title": "Office Manager", "category": 78, "require_appearance_data": false}}, {"model": "common.job", "pk": 374, "fields": {"title": "Project Accountant", "category": 78, "require_appearance_data": false}}, {"model": "common.job", "pk": 375, "fields": {"title": "Health and Safety Coordinator", "category": 78, "require_appearance_data": false}}, {"model": "common.job", "pk": 376, "fields": {"title": "Civil Engineer", "category": 79, "require_appearance_data": false}}, {"model": "common.job", "pk": 377, "fields": {"title": "Structural Engineer", "category": 79, "require_appearance_data": false}}, {"model": "common.job", "pk": 378, "fields": {"title": "Geotechnical Engineer", "category": 79, "require_appearance_data": false}}, {"model": "common.job", "pk": 379, "fields": {"title": "Mechanical Engineer", "category": 79, "require_appearance_data": false}}, {"model": "common.job", "pk": 380, "fields": {"title": "Electrical Engineer", "category": 79, "require_appearance_data": false}}, {"model": "common.job", "pk": 381, "fields": {"title": "Architectural Designer", "category": 79, "require_appearance_data": false}}, {"model": "common.job", "pk": 382, "fields": {"title": "CAD Technician/Drafter", "category": 79, "require_appearance_data": false}}, {"model": "common.job", "pk": 383, "fields": {"title": "Building Information Modeling (BIM) Specialist/Manager", "category": 79, "require_appearance_data": false}}, {"model": "common.job", "pk": 384, "fields": {"title": "Surveyor/Construction Surveyor", "category": 79, "require_appearance_data": false}}, {"model": "common.job", "pk": 385, "fields": {"title": "Site Engineer", "category": 79, "require_appearance_data": false}}, {"model": "common.job", "pk": 386, "fields": {"title": "Carpenter", "category": 80, "require_appearance_data": false}}, {"model": "common.job", "pk": 387, "fields": {"title": "Electrician", "category": 80, "require_appearance_data": false}}, {"model": "common.job", "pk": 388, "fields": {"title": "Plumber", "category": 80, "require_appearance_data": false}}, {"model": "common.job", "pk": 389, "fields": {"title": "HVAC Technician", "category": 80, "require_appearance_data": false}}, {"model": "common.job", "pk": 390, "fields": {"title": "Mason/Bricklayer", "category": 80, "require_appearance_data": false}}, {"model": "common.job", "pk": 391, "fields": {"title": "Welder", "category": 80, "require_appearance_data": false}}, {"model": "common.job", "pk": 392, "fields": {"title": "Ironworker", "category": 80, "require_appearance_data": false}}, {"model": "common.job", "pk": 393, "fields": {"title": "Steel Fixer", "category": 80, "require_appearance_data": false}}, {"model": "common.job", "pk": 394, "fields": {"title": "Pipefitter", "category": 80, "require_appearance_data": false}}, {"model": "common.job", "pk": 395, "fields": {"title": "Drywaller", "category": 80, "require_appearance_data": false}}, {"model": "common.job", "pk": 396, "fields": {"title": "Roofer", "category": 80, "require_appearance_data": false}}, {"model": "common.job", "pk": 397, "fields": {"title": "Glazier", "category": 80, "require_appearance_data": false}}, {"model": "common.job", "pk": 398, "fields": {"title": "Scaffolder", "category": 80, "require_appearance_data": false}}, {"model": "common.job", "pk": 399, "fields": {"title": "Painter", "category": 80, "require_appearance_data": false}}, {"model": "common.job", "pk": 400, "fields": {"title": "Tiler", "category": 80, "require_appearance_data": false}}, {"model": "common.job", "pk": 401, "fields": {"title": "Concrete Finisher", "category": 80, "require_appearance_data": false}}, {"model": "common.job", "pk": 402, "fields": {"title": "Formworker", "category": 80, "require_appearance_data": false}}, {"model": "common.job", "pk": 403, "fields": {"title": "Heavy Equipment Operator", "category": 80, "require_appearance_data": false}}, {"model": "common.job", "pk": 404, "fields": {"title": "Crane Operator", "category": 80, "require_appearance_data": false}}, {"model": "common.job", "pk": 405, "fields": {"title": "Rigger", "category": 80, "require_appearance_data": false}}, {"model": "common.job", "pk": 406, "fields": {"title": "Paver", "category": 80, "require_appearance_data": false}}, {"model": "common.job", "pk": 407, "fields": {"title": "Asphalt Laborer", "category": 80, "require_appearance_data": false}}, {"model": "common.job", "pk": 408, "fields": {"title": "Millwright", "category": 80, "require_appearance_data": false}}, {"model": "common.job", "pk": 409, "fields": {"title": "Insulation Installer", "category": 80, "require_appearance_data": false}}, {"model": "common.job", "pk": 410, "fields": {"title": "Flooring Installer", "category": 80, "require_appearance_data": false}}, {"model": "common.job", "pk": 411, "fields": {"title": "Excavator Operator", "category": 81, "require_appearance_data": false}}, {"model": "common.job", "pk": 412, "fields": {"title": "Bulldozer Operator", "category": 81, "require_appearance_data": false}}, {"model": "common.job", "pk": 413, "fields": {"title": "Grader Operator", "category": 81, "require_appearance_data": false}}, {"model": "common.job", "pk": 414, "fields": {"title": "Forklift Operator", "category": 81, "require_appearance_data": false}}, {"model": "common.job", "pk": 415, "fields": {"title": "Backhoe Operator", "category": 81, "require_appearance_data": false}}, {"model": "common.job", "pk": 416, "fields": {"title": "Dump Truck Driver", "category": 81, "require_appearance_data": false}}, {"model": "common.job", "pk": 417, "fields": {"title": "Pile Driver Operator", "category": 81, "require_appearance_data": false}}, {"model": "common.job", "pk": 418, "fields": {"title": "Demolition Worker", "category": 82, "require_appearance_data": false}}, {"model": "common.job", "pk": 419, "fields": {"title": "Waterproofing Specialist", "category": 82, "require_appearance_data": false}}, {"model": "common.job", "pk": 420, "fields": {"title": "Fireproofing Installer", "category": 82, "require_appearance_data": false}}, {"model": "common.job", "pk": 421, "fields": {"title": "Elevator Installer/Repairer", "category": 82, "require_appearance_data": false}}, {"model": "common.job", "pk": 422, "fields": {"title": "Septic System Installer", "category": 82, "require_appearance_data": false}}, {"model": "common.job", "pk": 423, "fields": {"title": "Drilling Operator", "category": 82, "require_appearance_data": false}}, {"model": "common.job", "pk": 424, "fields": {"title": "Pile Driving Specialist", "category": 82, "require_appearance_data": false}}, {"model": "common.job", "pk": 425, "fields": {"title": "Shotcrete Operator", "category": 82, "require_appearance_data": false}}, {"model": "common.job", "pk": 426, "fields": {"title": "Rope Access Technician", "category": 82, "require_appearance_data": false}}, {"model": "common.job", "pk": 427, "fields": {"title": "Concrete Laborer", "category": 83, "require_appearance_data": false}}, {"model": "common.job", "pk": 428, "fields": {"title": "Concrete Pump Operator", "category": 83, "require_appearance_data": false}}, {"model": "common.job", "pk": 429, "fields": {"title": "Concrete Cutter", "category": 83, "require_appearance_data": false}}, {"model": "common.job", "pk": 430, "fields": {"title": "Concrete Form Setter", "category": 83, "require_appearance_data": false}}, {"model": "common.job", "pk": 431, "fields": {"title": "Foundation Specialist", "category": 83, "require_appearance_data": false}}, {"model": "common.job", "pk": 432, "fields": {"title": "Finish Carpenter", "category": 84, "require_appearance_data": false}}, {"model": "common.job", "pk": 433, "fields": {"title": "Cabinetmaker", "category": 84, "require_appearance_data": false}}, {"model": "common.job", "pk": 434, "fields": {"title": "Plasterer", "category": 84, "require_appearance_data": false}}, {"model": "common.job", "pk": 435, "fields": {"title": "Drywall Taper", "category": 84, "require_appearance_data": false}}, {"model": "common.job", "pk": 436, "fields": {"title": "Trim Installer", "category": 84, "require_appearance_data": false}}, {"model": "common.job", "pk": 437, "fields": {"title": "Stucco Mason", "category": 84, "require_appearance_data": false}}, {"model": "common.job", "pk": 438, "fields": {"title": "Environmental Technician", "category": 85, "require_appearance_data": false}}, {"model": "common.job", "pk": 439, "fields": {"title": "Asbestos Removal Specialist", "category": 85, "require_appearance_data": false}}, {"model": "common.job", "pk": 440, "fields": {"title": "Hazardous Materials (HazMat) Specialist", "category": 85, "require_appearance_data": false}}, {"model": "common.job", "pk": 441, "fields": {"title": "Safety Inspector", "category": 85, "require_appearance_data": false}}, {"model": "common.job", "pk": 442, "fields": {"title": "Waste Management Coordinator", "category": 85, "require_appearance_data": false}}, {"model": "common.job", "pk": 443, "fields": {"title": "Lineman (Utility Worker)", "category": 86, "require_appearance_data": false}}, {"model": "common.job", "pk": 444, "fields": {"title": "Underground Utility Installer", "category": 86, "require_appearance_data": false}}, {"model": "common.job", "pk": 445, "fields": {"title": "Water and Sewer Line Installer", "category": 86, "require_appearance_data": false}}, {"model": "common.job", "pk": 446, "fields": {"title": "Gas Line Installer", "category": 86, "require_appearance_data": false}}, {"model": "common.job", "pk": 447, "fields": {"title": "Cable Installer", "category": 86, "require_appearance_data": false}}, {"model": "common.job", "pk": 448, "fields": {"title": "Utility Coordinator", "category": 86, "require_appearance_data": false}}, {"model": "common.job", "pk": 449, "fields": {"title": "Underground Utility Manager", "category": 86, "require_appearance_data": false}}, {"model": "common.job", "pk": 450, "fields": {"title": "Infrastructure Superintendent", "category": 86, "require_appearance_data": false}}, {"model": "common.job", "pk": 451, "fields": {"title": "Utility Inspector", "category": 86, "require_appearance_data": false}}, {"model": "common.job", "pk": 452, "fields": {"title": "Land Surveyor", "category": 87, "require_appearance_data": false}}, {"model": "common.job", "pk": 453, "fields": {"title": "GIS Technician/Manager", "category": 87, "require_appearance_data": false}}, {"model": "common.job", "pk": 454, "fields": {"title": "Urban Planner", "category": 87, "require_appearance_data": false}}, {"model": "common.job", "pk": 455, "fields": {"title": "Planning Engineer", "category": 87, "require_appearance_data": false}}, {"model": "common.job", "pk": 456, "fields": {"title": "Material Handler", "category": 88, "require_appearance_data": false}}, {"model": "common.job", "pk": 457, "fields": {"title": "Logistics Coordinator", "category": 88, "require_appearance_data": false}}, {"model": "common.job", "pk": 458, "fields": {"title": "Site Logistics Manager", "category": 88, "require_appearance_data": false}}, {"model": "common.job", "pk": 459, "fields": {"title": "Traffic Controller", "category": 88, "require_appearance_data": false}}, {"model": "common.job", "pk": 460, "fields": {"title": "Delivery and Receiving Supervisor", "category": 88, "require_appearance_data": false}}, {"model": "common.job", "pk": 461, "fields": {"title": "Mechanical Fitter", "category": 89, "require_appearance_data": false}}, {"model": "common.job", "pk": 462, "fields": {"title": "Sprinkler Fitter", "category": 89, "require_appearance_data": false}}, {"model": "common.job", "pk": 463, "fields": {"title": "HVAC Installer", "category": 89, "require_appearance_data": false}}, {"model": "common.job", "pk": 464, "fields": {"title": "Sheet Metal Worker", "category": 89, "require_appearance_data": false}}, {"model": "common.job", "pk": 465, "fields": {"title": "Elevator Mechanic", "category": 89, "require_appearance_data": false}}, {"model": "common.job", "pk": 466, "fields": {"title": "Refrigeration Technician", "category": 89, "require_appearance_data": false}}, {"model": "common.job", "pk": 467, "fields": {"title": "Mechanical Project Manager", "category": 89, "require_appearance_data": false}}, {"model": "common.job", "pk": 468, "fields": {"title": "Electrical Systems Manager", "category": 89, "require_appearance_data": false}}, {"model": "common.job", "pk": 469, "fields": {"title": "Construction Project Director", "category": 90, "require_appearance_data": false}}, {"model": "common.job", "pk": 471, "fields": {"title": "Site Operations Manager", "category": 90, "require_appearance_data": false}}, {"model": "common.job", "pk": 472, "fields": {"title": "Lead Estimator", "category": 90, "require_appearance_data": false}}, {"model": "common.job", "pk": 473, "fields": {"title": "Chief Safety Officer", "category": 90, "require_appearance_data": false}}, {"model": "common.job", "pk": 474, "fields": {"title": "Senior Project Manager", "category": 90, "require_appearance_data": false}}, {"model": "common.job", "pk": 475, "fields": {"title": "Senior Superintendent", "category": 90, "require_appearance_data": false}}, {"model": "common.job", "pk": 476, "fields": {"title": "Contracts Manager", "category": 90, "require_appearance_data": false}}, {"model": "common.job", "pk": 477, "fields": {"title": "Risk Management Specialist", "category": 90, "require_appearance_data": false}}, {"model": "common.job", "pk": 478, "fields": {"title": "Business Development Manager", "category": 90, "require_appearance_data": false}}, {"model": "common.job", "pk": 479, "fields": {"title": "Technical Director", "category": 90, "require_appearance_data": false}}, {"model": "common.job", "pk": 480, "fields": {"title": "Lean Construction Specialist", "category": 90, "require_appearance_data": false}}, {"model": "common.job", "pk": 481, "fields": {"title": "Quality Control Inspector", "category": 91, "require_appearance_data": false}}, {"model": "common.job", "pk": 482, "fields": {"title": "Quality Assurance Engineer", "category": 91, "require_appearance_data": false}}, {"model": "common.job", "pk": 483, "fields": {"title": "Construction Inspector", "category": 91, "require_appearance_data": false}}, {"model": "common.job", "pk": 484, "fields": {"title": "Testing and Commissioning Specialist", "category": 91, "require_appearance_data": false}}, {"model": "common.job", "pk": 485, "fields": {"title": "Compliance Officer", "category": 91, "require_appearance_data": false}}, {"model": "common.job", "pk": 486, "fields": {"title": "Sustainability Specialist", "category": 92, "require_appearance_data": false}}, {"model": "common.job", "pk": 487, "fields": {"title": "LEED Coordinator/Project Manager", "category": 92, "require_appearance_data": false}}, {"model": "common.job", "pk": 488, "fields": {"title": "Energy Efficiency Consultant", "category": 92, "require_appearance_data": false}}, {"model": "common.job", "pk": 489, "fields": {"title": "Environmental Compliance Manager", "category": 92, "require_appearance_data": false}}, {"model": "common.job", "pk": 490, "fields": {"title": "Solar Panel Installer", "category": 92, "require_appearance_data": false}}, {"model": "common.job", "pk": 491, "fields": {"title": "Solar Energy Project Manager", "category": 92, "require_appearance_data": false}}, {"model": "common.job", "pk": 492, "fields": {"title": "Blast Technician", "category": 93, "require_appearance_data": false}}, {"model": "common.job", "pk": 493, "fields": {"title": "Tunnel Boring Machine Operator", "category": 93, "require_appearance_data": false}}, {"model": "common.job", "pk": 494, "fields": {"title": "Pile Driving Foreman", "category": 93, "require_appearance_data": false}}, {"model": "common.job", "pk": 495, "fields": {"title": "Blasting Supervisor", "category": 93, "require_appearance_data": false}}, {"model": "common.job", "pk": 496, "fields": {"title": "Demolition Supervisor", "category": 93, "require_appearance_data": false}}, {"model": "common.job", "pk": 497, "fields": {"title": "Crane Supervisor", "category": 93, "require_appearance_data": false}}, {"model": "common.job", "pk": 498, "fields": {"title": "Tunnel Construction Manager", "category": 93, "require_appearance_data": false}}, {"model": "common.job", "pk": 499, "fields": {"title": "Heritage/Archaeological Monitor", "category": 93, "require_appearance_data": false}}, {"model": "common.job", "pk": 500, "fields": {"title": "Apprentice Carpenter", "category": 94, "require_appearance_data": false}}, {"model": "common.job", "pk": 501, "fields": {"title": "Apprentice Electrician", "category": 94, "require_appearance_data": false}}, {"model": "common.job", "pk": 502, "fields": {"title": "Apprentice Plumber", "category": 94, "require_appearance_data": false}}, {"model": "common.job", "pk": 503, "fields": {"title": "Junior Project Manager", "category": 94, "require_appearance_data": false}}, {"model": "common.job", "pk": 504, "fields": {"title": "Junior Estimator", "category": 94, "require_appearance_data": false}}, {"model": "common.job", "pk": 505, "fields": {"title": "Assistant Foreman", "category": 94, "require_appearance_data": false}}, {"model": "common.job", "pk": 506, "fields": {"title": "Assistant Construction Manager", "category": 94, "require_appearance_data": false}}, {"model": "common.job", "pk": 507, "fields": {"title": "Trades Assistant", "category": 94, "require_appearance_data": false}}, {"model": "common.job", "pk": 508, "fields": {"title": "Construction Helper", "category": 94, "require_appearance_data": false}}, {"model": "common.job", "pk": 509, "fields": {"title": "Apprentice Sheet Metal Worker", "category": 94, "require_appearance_data": false}}, {"model": "common.job", "pk": 510, "fields": {"title": "Bank President", "category": 95, "require_appearance_data": false}}, {"model": "common.job", "pk": 511, "fields": {"title": "Chief Risk Officer (CRO)", "category": 95, "require_appearance_data": false}}, {"model": "common.job", "pk": 512, "fields": {"title": "Chief Operations Officer (COO)", "category": 95, "require_appearance_data": false}}, {"model": "common.job", "pk": 513, "fields": {"title": "Chief Lending Officer", "category": 95, "require_appearance_data": false}}, {"model": "common.job", "pk": 514, "fields": {"title": "Head of Consumer Banking", "category": 95, "require_appearance_data": false}}, {"model": "common.job", "pk": 515, "fields": {"title": "Head of Commercial Banking", "category": 95, "require_appearance_data": false}}, {"model": "common.job", "pk": 516, "fields": {"title": "Director of Wealth Management", "category": 95, "require_appearance_data": false}}, {"model": "common.job", "pk": 517, "fields": {"title": "Regional Branch Manager", "category": 95, "require_appearance_data": false}}, {"model": "common.job", "pk": 519, "fields": {"title": "Director of Financial Planning", "category": 95, "require_appearance_data": false}}, {"model": "common.job", "pk": 520, "fields": {"title": "Treasury Manager", "category": 95, "require_appearance_data": false}}, {"model": "common.job", "pk": 521, "fields": {"title": "Compliance Manager", "category": 95, "require_appearance_data": false}}, {"model": "common.job", "pk": 522, "fields": {"title": "Senior Corporate Banker", "category": 96, "require_appearance_data": false}}, {"model": "common.job", "pk": 523, "fields": {"title": "Commercial Loan Manager", "category": 96, "require_appearance_data": false}}, {"model": "common.job", "pk": 524, "fields": {"title": "Trade Finance Manager", "category": 96, "require_appearance_data": false}}, {"model": "common.job", "pk": 525, "fields": {"title": "Treasury Operations Analyst", "category": 96, "require_appearance_data": false}}, {"model": "common.job", "pk": 526, "fields": {"title": "Senior Loan Officer", "category": 96, "require_appearance_data": false}}, {"model": "common.job", "pk": 527, "fields": {"title": "Syndicated Loans Analyst", "category": 96, "require_appearance_data": false}}, {"model": "common.job", "pk": 528, "fields": {"title": "Credit Risk Analyst", "category": 96, "require_appearance_data": false}}, {"model": "common.job", "pk": 529, "fields": {"title": "Structured Finance Manager", "category": 96, "require_appearance_data": false}}, {"model": "common.job", "pk": 530, "fields": {"title": "Financial Modeling Analyst", "category": 96, "require_appearance_data": false}}, {"model": "common.job", "pk": 531, "fields": {"title": "Project Finance Specialist", "category": 96, "require_appearance_data": false}}, {"model": "common.job", "pk": 532, "fields": {"title": "Investment Banking Associate", "category": 97, "require_appearance_data": false}}, {"model": "common.job", "pk": 533, "fields": {"title": "Equity Analyst", "category": 97, "require_appearance_data": false}}, {"model": "common.job", "pk": 534, "fields": {"title": "Debt Capital Markets Analyst", "category": 97, "require_appearance_data": false}}, {"model": "common.job", "pk": 535, "fields": {"title": "Mergers and Acquisitions Advisor", "category": 97, "require_appearance_data": false}}, {"model": "common.job", "pk": 536, "fields": {"title": "Private Equity Analyst", "category": 97, "require_appearance_data": false}}, {"model": "common.job", "pk": 537, "fields": {"title": "Fund Manager", "category": 97, "require_appearance_data": false}}, {"model": "common.job", "pk": 538, "fields": {"title": "Derivatives Trader", "category": 97, "require_appearance_data": false}}, {"model": "common.job", "pk": 539, "fields": {"title": "Research Analyst", "category": 97, "require_appearance_data": false}}, {"model": "common.job", "pk": 540, "fields": {"title": "Retail Banking Officer", "category": 98, "require_appearance_data": false}}, {"model": "common.job", "pk": 541, "fields": {"title": "Personal Financial Consultant", "category": 98, "require_appearance_data": false}}, {"model": "common.job", "pk": 542, "fields": {"title": "Relationship Officer", "category": 98, "require_appearance_data": false}}, {"model": "common.job", "pk": 543, "fields": {"title": "Mortgage Loan Processor", "category": 98, "require_appearance_data": false}}, {"model": "common.job", "pk": 544, "fields": {"title": "Consumer Lending Officer", "category": 98, "require_appearance_data": false}}, {"model": "common.job", "pk": 545, "fields": {"title": "Home Loan Officer", "category": 98, "require_appearance_data": false}}, {"model": "common.job", "pk": 546, "fields": {"title": "Auto Loan Specialist", "category": 98, "require_appearance_data": false}}, {"model": "common.job", "pk": 547, "fields": {"title": "Small Business Banker", "category": 98, "require_appearance_data": false}}, {"model": "common.job", "pk": 548, "fields": {"title": "Anti-Money Laundering (AML) Officer", "category": 99, "require_appearance_data": false}}, {"model": "common.job", "pk": 549, "fields": {"title": "Operational Risk Manager", "category": 99, "require_appearance_data": false}}, {"model": "common.job", "pk": 550, "fields": {"title": "Financial Crime Analyst", "category": 99, "require_appearance_data": false}}, {"model": "common.job", "pk": 551, "fields": {"title": "Credit Risk Manager", "category": 99, "require_appearance_data": false}}, {"model": "common.job", "pk": 552, "fields": {"title": "Risk Control Analyst", "category": 99, "require_appearance_data": false}}, {"model": "common.job", "pk": 553, "fields": {"title": "Internal Auditor", "category": 99, "require_appearance_data": false}}, {"model": "common.job", "pk": 554, "fields": {"title": "Compliance Auditor", "category": 99, "require_appearance_data": false}}, {"model": "common.job", "pk": 555, "fields": {"title": "Regulatory Reporting Analyst", "category": 99, "require_appearance_data": false}}, {"model": "common.job", "pk": 556, "fields": {"title": "Sanctions Officer", "category": 99, "require_appearance_data": false}}, {"model": "common.job", "pk": 557, "fields": {"title": "Digital Transformation Manager", "category": 100, "require_appearance_data": false}}, {"model": "common.job", "pk": 558, "fields": {"title": "Blockchain Analyst", "category": 100, "require_appearance_data": false}}, {"model": "common.job", "pk": 559, "fields": {"title": "Fintech Specialist", "category": 100, "require_appearance_data": false}}, {"model": "common.job", "pk": 560, "fields": {"title": "Core Banking Software Developer", "category": 100, "require_appearance_data": false}}, {"model": "common.job", "pk": 561, "fields": {"title": "Cybersecurity Officer", "category": 100, "require_appearance_data": false}}, {"model": "common.job", "pk": 562, "fields": {"title": "Database Administrator", "category": 100, "require_appearance_data": false}}, {"model": "common.job", "pk": 563, "fields": {"title": "Data Scientist (Banking)", "category": 100, "require_appearance_data": false}}, {"model": "common.job", "pk": 564, "fields": {"title": "Digital Channel Specialist", "category": 100, "require_appearance_data": false}}, {"model": "common.job", "pk": 565, "fields": {"title": "Payment Systems Analyst", "category": 100, "require_appearance_data": false}}, {"model": "common.job", "pk": 566, "fields": {"title": "IT Risk and Security Analyst", "category": 100, "require_appearance_data": false}}, {"model": "common.job", "pk": 567, "fields": {"title": "Private Banking Manager", "category": 101, "require_appearance_data": false}}, {"model": "common.job", "pk": 568, "fields": {"title": "Senior Wealth Manager", "category": 101, "require_appearance_data": false}}, {"model": "common.job", "pk": 569, "fields": {"title": "Wealth Planning Analyst", "category": 101, "require_appearance_data": false}}, {"model": "common.job", "pk": 570, "fields": {"title": "Trust Officer", "category": 101, "require_appearance_data": false}}, {"model": "common.job", "pk": 571, "fields": {"title": "Estate Planning Consultant", "category": 101, "require_appearance_data": false}}, {"model": "common.job", "pk": 572, "fields": {"title": "Retirement Planning Specialist", "category": 101, "require_appearance_data": false}}, {"model": "common.job", "pk": 573, "fields": {"title": "Investment Consultant", "category": 101, "require_appearance_data": false}}, {"model": "common.job", "pk": 574, "fields": {"title": "Bank Teller Supervisor", "category": 102, "require_appearance_data": false}}, {"model": "common.job", "pk": 575, "fields": {"title": "Bank Teller", "category": 102, "require_appearance_data": false}}, {"model": "common.job", "pk": 576, "fields": {"title": "Customer Support Officer", "category": 102, "require_appearance_data": false}}, {"model": "common.job", "pk": 577, "fields": {"title": "Call Center Agent", "category": 102, "require_appearance_data": false}}, {"model": "common.job", "pk": 578, "fields": {"title": "Client Service Officer", "category": 102, "require_appearance_data": false}}, {"model": "common.job", "pk": 579, "fields": {"title": "New Accounts Specialist", "category": 102, "require_appearance_data": false}}, {"model": "common.job", "pk": 580, "fields": {"title": "Personal Banking Advisor", "category": 102, "require_appearance_data": false}}, {"model": "common.job", "pk": 581, "fields": {"title": "Loan Servicing Specialist", "category": 102, "require_appearance_data": false}}, {"model": "common.job", "pk": 582, "fields": {"title": "Product Development Manager", "category": 103, "require_appearance_data": false}}, {"model": "common.job", "pk": 583, "fields": {"title": "Retail Sales Manager", "category": 103, "require_appearance_data": false}}, {"model": "common.job", "pk": 584, "fields": {"title": "Financial Product Sales Specialist", "category": 103, "require_appearance_data": false}}, {"model": "common.job", "pk": 585, "fields": {"title": "Marketing Communications Manager", "category": 103, "require_appearance_data": false}}, {"model": "common.job", "pk": 586, "fields": {"title": "Business Development Officer", "category": 103, "require_appearance_data": false}}, {"model": "common.job", "pk": 587, "fields": {"title": "Client Relationship Manager", "category": 103, "require_appearance_data": false}}, {"model": "common.job", "pk": 588, "fields": {"title": "Sales Associate (Financial Products)", "category": 103, "require_appearance_data": false}}, {"model": "common.job", "pk": 589, "fields": {"title": "Branch Operations Coordinator", "category": 104, "require_appearance_data": false}}, {"model": "common.job", "pk": 590, "fields": {"title": "Administrative Assistant (Banking)", "category": 104, "require_appearance_data": false}}, {"model": "common.job", "pk": 591, "fields": {"title": "Loan Administration Officer", "category": 104, "require_appearance_data": false}}, {"model": "common.job", "pk": 592, "fields": {"title": "Financial Reporting Assistant", "category": 104, "require_appearance_data": false}}, {"model": "common.job", "pk": 593, "fields": {"title": "Document Control Specialist", "category": 104, "require_appearance_data": false}}, {"model": "common.job", "pk": 594, "fields": {"title": "Loan Processing Assistant", "category": 104, "require_appearance_data": false}}, {"model": "common.job", "pk": 595, "fields": {"title": "Banking Clerk", "category": 104, "require_appearance_data": false}}, {"model": "common.job", "pk": 596, "fields": {"title": "Loan Compliance Assistant", "category": 104, "require_appearance_data": false}}, {"model": "common.field", "pk": 1, "fields": {"name": "Business"}}, {"model": "common.field", "pk": 2, "fields": {"name": "Healthcare"}}, {"model": "common.field", "pk": 3, "fields": {"name": "Engineering"}}, {"model": "common.field", "pk": 4, "fields": {"name": "Computer and Information Sciences"}}, {"model": "common.university", "pk": 1, "fields": {"name": "Amirkabir University of Technology", "city": 13678, "website": "https://aut.ac.ir/en"}}, {"model": "common.university", "pk": 2, "fields": {"name": "Ferdowsi University of Mashhad", "city": 13741, "website": "https://en.um.ac.ir/"}}, {"model": "common.university", "pk": 3, "fields": {"name": "Semnan University", "city": 13695, "website": "https://english.semnan.ac.ir/"}}, {"model": "common.university", "pk": 4, "fields": {"name": "Islamic Azad University", "city": 13683, "website": "https://tabriz.iau.ir/fa"}}, {"model": "common.university", "pk": 5, "fields": {"name": "Islamic Azad University", "city": 13678, "website": "https://ctb.iau.ir/en"}}, {"model": "common.university", "pk": 6, "fields": {"name": "Harvard University", "city": 24475, "website": "http://www.harvard.edu"}}, {"model": "common.university", "pk": 7, "fields": {"name": "Stanford University", "city": 25641, "website": "http://www.stanford.edu"}}, {"model": "common.university", "pk": 8, "fields": {"name": "Massachusetts Institute of Technology", "city": 24475, "website": "http://www.mit.edu"}}, {"model": "common.university", "pk": 9, "fields": {"name": "Princeton University", "city": 24824, "website": "http://www.princeton.edu"}}, {"model": "common.university", "pk": 10, "fields": {"name": "University of Oxford", "city": 9296, "website": "http://www.ox.ac.uk"}}, {"model": "common.skilltopic", "pk": 2, "fields": {"title": "Customer Service Skills", "industry": 17}}, {"model": "common.skilltopic", "pk": 3, "fields": {"title": "Communication Skills", "industry": 17}}, {"model": "common.skilltopic", "pk": 4, "fields": {"title": "Problem-Solving Skills", "industry": 17}}, {"model": "common.skilltopic", "pk": 5, "fields": {"title": "Organizational Skills", "industry": 17}}, {"model": "common.skilltopic", "pk": 6, "fields": {"title": "Technical Skills", "industry": 17}}, {"model": "common.skilltopic", "pk": 7, "fields": {"title": "Cultural Awareness and Sensitivity", "industry": 17}}, {"model": "common.skilltopic", "pk": 8, "fields": {"title": "Sales and Marketing Skills", "industry": 17}}, {"model": "common.skilltopic", "pk": 9, "fields": {"title": "Financial Management Skills", "industry": 17}}, {"model": "common.skilltopic", "pk": 10, "fields": {"title": "Teamwork and Collaboration", "industry": 17}}, {"model": "common.skilltopic", "pk": 11, "fields": {"title": "Food and Beverage Knowledge", "industry": 17}}, {"model": "common.skilltopic", "pk": 12, "fields": {"title": "Event Planning and Coordination", "industry": 17}}, {"model": "common.skilltopic", "pk": 13, "fields": {"title": "Health and Safety Knowledge", "industry": 17}}, {"model": "common.skilltopic", "pk": 14, "fields": {"title": "Attention to Detail", "industry": 17}}, {"model": "common.skilltopic", "pk": 15, "fields": {"title": "Flexibility and Adaptability", "industry": 17}}, {"model": "common.skilltopic", "pk": 16, "fields": {"title": "Networking and Relationship-Building", "industry": 17}}, {"model": "common.skilltopic", "pk": 17, "fields": {"title": "Financial Analysis and Data Interpretation", "industry": 18}}, {"model": "common.skilltopic", "pk": 18, "fields": {"title": "Risk Management and Compliance", "industry": 18}}, {"model": "common.skilltopic", "pk": 19, "fields": {"title": "Customer Service and Relationship Management", "industry": 18}}, {"model": "common.skilltopic", "pk": 20, "fields": {"title": "Technical Skills and Digital Banking", "industry": 18}}, {"model": "common.skilltopic", "pk": 21, "fields": {"title": "Investment Banking and Capital Markets Knowledge", "industry": 18}}, {"model": "common.skilltopic", "pk": 22, "fields": {"title": "Sales and Business Development", "industry": 18}}, {"model": "common.skilltopic", "pk": 23, "fields": {"title": "Accounting and Bookkeeping", "industry": 18}}, {"model": "common.skilltopic", "pk": 24, "fields": {"title": "Credit Analysis and Lending", "industry": 18}}, {"model": "common.skilltopic", "pk": 25, "fields": {"title": "Quantitative and Analytical Skills", "industry": 18}}, {"model": "common.skilltopic", "pk": 26, "fields": {"title": "Attention to Detail and Accuracy", "industry": 18}}, {"model": "common.skilltopic", "pk": 27, "fields": {"title": "Project Management", "industry": 18}}, {"model": "common.skilltopic", "pk": 28, "fields": {"title": "Communication and Interpersonal Skills", "industry": 18}}, {"model": "common.skilltopic", "pk": 29, "fields": {"title": "Financial Planning and Advisory Skills", "industry": 18}}, {"model": "common.skilltopic", "pk": 30, "fields": {"title": "Ethical Judgment and Integrity", "industry": 18}}, {"model": "common.skilltopic", "pk": 31, "fields": {"title": "Product Knowledge and Specialization", "industry": 18}}, {"model": "common.skilltopic", "pk": 32, "fields": {"title": "Time Management and Organization", "industry": 18}}, {"model": "common.skilltopic", "pk": 33, "fields": {"title": "Negotiation and Persuasion", "industry": 18}}, {"model": "common.skilltopic", "pk": 34, "fields": {"title": "Knowledge of Macroeconomics and Financial Markets", "industry": 18}}, {"model": "common.skilltopic", "pk": 35, "fields": {"title": "Legal and Regulatory Knowledge", "industry": 18}}, {"model": "common.skilltopic", "pk": 36, "fields": {"title": "Stress Management and Adaptability", "industry": 18}}, {"model": "common.skilltopic", "pk": 37, "fields": {"title": "Technical Construction Skills", "industry": 19}}, {"model": "common.skilltopic", "pk": 38, "fields": {"title": "Blueprint Reading and Interpretation", "industry": 19}}, {"model": "common.skilltopic", "pk": 39, "fields": {"title": "Project Management", "industry": 19}}, {"model": "common.skilltopic", "pk": 40, "fields": {"title": "Building Codes and Compliance", "industry": 19}}, {"model": "common.skilltopic", "pk": 41, "fields": {"title": "Health and Safety Knowledge", "industry": 19}}, {"model": "common.skilltopic", "pk": 42, "fields": {"title": "Structural Engineering Basics", "industry": 19}}, {"model": "common.skilltopic", "pk": 43, "fields": {"title": "Mathematics and Measurements", "industry": 19}}, {"model": "common.skilltopic", "pk": 44, "fields": {"title": "Material Knowledge", "industry": 19}}, {"model": "common.skilltopic", "pk": 45, "fields": {"title": "Tool and Equipment Proficiency", "industry": 19}}, {"model": "common.skilltopic", "pk": 46, "fields": {"title": "Teamwork and Collaboration", "industry": 19}}, {"model": "common.skilltopic", "pk": 47, "fields": {"title": "Time Management", "industry": 19}}, {"model": "common.skilltopic", "pk": 48, "fields": {"title": "Problem-Solving and Critical Thinking", "industry": 19}}, {"model": "common.skilltopic", "pk": 49, "fields": {"title": "Environmental Awareness", "industry": 19}}, {"model": "common.skilltopic", "pk": 50, "fields": {"title": "Surveying and Site Layout", "industry": 19}}, {"model": "common.skilltopic", "pk": 51, "fields": {"title": "Communication Skills", "industry": 19}}, {"model": "common.skilltopic", "pk": 52, "fields": {"title": "Quality Control and Inspection", "industry": 19}}, {"model": "common.skilltopic", "pk": 53, "fields": {"title": "Heavy Equipment Operation", "industry": 19}}, {"model": "common.skilltopic", "pk": 54, "fields": {"title": "Cost Estimation and Budgeting", "industry": 19}}, {"model": "common.skilltopic", "pk": 55, "fields": {"title": "Drafting and Computer-Aided Design (CAD)", "industry": 19}}, {"model": "common.skilltopic", "pk": 56, "fields": {"title": "Welding and Metalwork", "industry": 19}}, {"model": "common.skilltopic", "pk": 57, "fields": {"title": "Concrete and Formwork", "industry": 19}}, {"model": "common.skilltopic", "pk": 58, "fields": {"title": "Scaffolding and Working at Heights", "industry": 19}}, {"model": "common.skilltopic", "pk": 59, "fields": {"title": "Mechanical and Electrical Knowledge", "industry": 19}}, {"model": "common.skilltopic", "pk": 60, "fields": {"title": "Estimating Software and Construction Technology", "industry": 19}}, {"model": "common.skilltopic", "pk": 61, "fields": {"title": "Inventory and Material Management", "industry": 19}}, {"model": "common.skill", "pk": 15, "fields": {"title": "Excellent communication and interpersonal skills", "insert_type": "system", "topic": 2}}, {"model": "common.skill", "pk": 16, "fields": {"title": "Patience and active listening", "insert_type": "system", "topic": 2}}, {"model": "common.skill", "pk": 17, "fields": {"title": "Conflict resolution", "insert_type": "system", "topic": 2}}, {"model": "common.skill", "pk": 18, "fields": {"title": "Attentiveness and empathy", "insert_type": "system", "topic": 2}}, {"model": "common.skill", "pk": 19, "fields": {"title": "Adaptability to diverse customer needs", "insert_type": "system", "topic": 2}}, {"model": "common.skill", "pk": 20, "fields": {"title": "Positive attitude and enthusiasm", "insert_type": "system", "topic": 2}}, {"model": "common.skill", "pk": 21, "fields": {"title": "Clear and concise verbal communication", "insert_type": "system", "topic": 3}}, {"model": "common.skill", "pk": 22, "fields": {"title": "Written communication (e.g., for emails, reports)", "insert_type": "system", "topic": 3}}, {"model": "common.skill", "pk": 23, "fields": {"title": "Non-verbal communication (body language, gestures)", "insert_type": "system", "topic": 3}}, {"model": "common.skill", "pk": 24, "fields": {"title": "Multilingual skills (highly valued in diverse environments)", "insert_type": "system", "topic": 3}}, {"model": "common.skill", "pk": 25, "fields": {"title": "Public speaking and presentation skills", "insert_type": "system", "topic": 3}}, {"model": "common.skill", "pk": 26, "fields": {"title": "Ability to think on your feet", "insert_type": "system", "topic": 4}}, {"model": "common.skill", "pk": 27, "fields": {"title": "Creativity in finding solutions", "insert_type": "system", "topic": 4}}, {"model": "common.skill", "pk": 28, "fields": {"title": "Critical thinking", "insert_type": "system", "topic": 4}}, {"model": "common.skill", "pk": 29, "fields": {"title": "Decision-making under pressure", "insert_type": "system", "topic": 4}}, {"model": "common.skill", "pk": 30, "fields": {"title": "Negotiation skills", "insert_type": "system", "topic": 4}}, {"model": "common.skill", "pk": 31, "fields": {"title": "Time management and multitasking", "insert_type": "system", "topic": 5}}, {"model": "common.skill", "pk": 32, "fields": {"title": "Prioritization of tasks", "insert_type": "system", "topic": 5}}, {"model": "common.skill", "pk": 33, "fields": {"title": "Attention to detail", "insert_type": "system", "topic": 5}}, {"model": "common.skill", "pk": 34, "fields": {"title": "Record-keeping and documentation", "insert_type": "system", "topic": 5}}, {"model": "common.skill", "pk": 35, "fields": {"title": "Resourcefulness in planning and logistics", "insert_type": "system", "topic": 5}}, {"model": "common.skill", "pk": 36, "fields": {"title": "Familiarity with hospitality management software (PMS like Opera or Amadeus)", "insert_type": "system", "topic": 6}}, {"model": "common.skill", "pk": 37, "fields": {"title": "Proficiency in Microsoft Office Suite (Excel, Word, etc.)", "insert_type": "system", "topic": 6}}, {"model": "common.skill", "pk": 38, "fields": {"title": "Social media and online presence management", "insert_type": "system", "topic": 6}}, {"model": "common.skill", "pk": 39, "fields": {"title": "Knowledge of booking and reservation systems", "insert_type": "system", "topic": 6}}, {"model": "common.skill", "pk": 40, "fields": {"title": "Understanding of POS (Point of Sale) systems", "insert_type": "system", "topic": 6}}, {"model": "common.skill", "pk": 41, "fields": {"title": "Understanding of diverse customs and traditions", "insert_type": "system", "topic": 7}}, {"model": "common.skill", "pk": 42, "fields": {"title": "Respect for different cultural norms and behaviors", "insert_type": "system", "topic": 7}}, {"model": "common.skill", "pk": 43, "fields": {"title": "Adaptability to international clients expectations", "insert_type": "system", "topic": 7}}, {"model": "common.skill", "pk": 44, "fields": {"title": "Upselling and cross-selling techniques", "insert_type": "system", "topic": 8}}, {"model": "common.skill", "pk": 45, "fields": {"title": "Basic marketing knowledge (social media, promotions)", "insert_type": "system", "topic": 8}}, {"model": "common.skill", "pk": 46, "fields": {"title": "Brand promotion and customer engagement", "insert_type": "system", "topic": 8}}, {"model": "common.skill", "pk": 47, "fields": {"title": "Customer loyalty program management", "insert_type": "system", "topic": 8}}, {"model": "common.skill", "pk": 48, "fields": {"title": "Budgeting and cost control", "insert_type": "system", "topic": 9}}, {"model": "common.skill", "pk": 49, "fields": {"title": "Financial reporting and analysis", "insert_type": "system", "topic": 9}}, {"model": "common.skill", "pk": 50, "fields": {"title": "Cash handling and reconciliation", "insert_type": "system", "topic": 9}}, {"model": "common.skill", "pk": 51, "fields": {"title": "Inventory management and control", "insert_type": "system", "topic": 9}}, {"model": "common.skill", "pk": 52, "fields": {"title": "Ability to work effectively in a team", "insert_type": "system", "topic": 10}}, {"model": "common.skill", "pk": 53, "fields": {"title": "Leadership and motivational skills", "insert_type": "system", "topic": 10}}, {"model": "common.skill", "pk": 54, "fields": {"title": "Delegation and responsibility sharing", "insert_type": "system", "topic": 10}}, {"model": "common.skill", "pk": 55, "fields": {"title": "Cross-departmental communication", "insert_type": "system", "topic": 10}}, {"model": "common.skill", "pk": 56, "fields": {"title": "Familiarity with food safety regulations", "insert_type": "system", "topic": 11}}, {"model": "common.skill", "pk": 57, "fields": {"title": "Knowledge of dietary restrictions and allergies", "insert_type": "system", "topic": 11}}, {"model": "common.skill", "pk": 58, "fields": {"title": "Basic mixology and bar skills", "insert_type": "system", "topic": 11}}, {"model": "common.skill", "pk": 59, "fields": {"title": "Food presentation and plating", "insert_type": "system", "topic": 11}}, {"model": "common.skill", "pk": 60, "fields": {"title": "Planning and organizing events", "insert_type": "system", "topic": 12}}, {"model": "common.skill", "pk": 61, "fields": {"title": "Vendor and supplier management", "insert_type": "system", "topic": 12}}, {"model": "common.skill", "pk": 62, "fields": {"title": "Coordinating with clients for specifications", "insert_type": "system", "topic": 12}}, {"model": "common.skill", "pk": 63, "fields": {"title": "Time management for event timelines", "insert_type": "system", "topic": 12}}, {"model": "common.skill", "pk": 64, "fields": {"title": "Understanding of occupational health and safety standards", "insert_type": "system", "topic": 13}}, {"model": "common.skill", "pk": 65, "fields": {"title": "First-aid and emergency response skills", "insert_type": "system", "topic": 13}}, {"model": "common.skill", "pk": 66, "fields": {"title": "Familiarity with sanitation and hygiene protocols", "insert_type": "system", "topic": 13}}, {"model": "common.skill", "pk": 67, "fields": {"title": "Noticing and addressing small issues proactively", "insert_type": "system", "topic": 14}}, {"model": "common.skill", "pk": 68, "fields": {"title": "Ensuring cleanliness and orderliness", "insert_type": "system", "topic": 14}}, {"model": "common.skill", "pk": 69, "fields": {"title": "Monitoring guest satisfaction through details", "insert_type": "system", "topic": 14}}, {"model": "common.skill", "pk": 70, "fields": {"title": "Ability to work different shifts (night, weekend)", "insert_type": "system", "topic": 15}}, {"model": "common.skill", "pk": 71, "fields": {"title": "Adapting to a fast-paced environment", "insert_type": "system", "topic": 15}}, {"model": "common.skill", "pk": 72, "fields": {"title": "Handling last-minute changes or guest requests", "insert_type": "system", "topic": 15}}, {"model": "common.skill", "pk": 73, "fields": {"title": "Building relationships with guests for repeat business", "insert_type": "system", "topic": 16}}, {"model": "common.skill", "pk": 74, "fields": {"title": "Connecting with suppliers and vendors", "insert_type": "system", "topic": 16}}, {"model": "common.skill", "pk": 75, "fields": {"title": "Community engagement and local partnerships", "insert_type": "system", "topic": 16}}, {"model": "common.skill", "pk": 76, "fields": {"title": "Ability to analyze financial statements, balance sheets, and income statements", "insert_type": "system", "topic": 17}}, {"model": "common.skill", "pk": 77, "fields": {"title": "Proficiency in interpreting financial data for credit risk, profitability, and other assessments", "insert_type": "system", "topic": 17}}, {"model": "common.skill", "pk": 78, "fields": {"title": "Skills in financial modeling, forecasting, and budgeting", "insert_type": "system", "topic": 17}}, {"model": "common.skill", "pk": 79, "fields": {"title": "Knowledge of financial ratios, trend analysis, and key performance indicators (KPIs)", "insert_type": "system", "topic": 17}}, {"model": "common.skill", "pk": 80, "fields": {"title": "Familiarity with risk assessment techniques (credit, market, operational, etc.)", "insert_type": "system", "topic": 18}}, {"model": "common.skill", "pk": 81, "fields": {"title": "Understanding of regulatory frameworks (e.g., Basel III, AML, KYC, Dodd-Frank)", "insert_type": "system", "topic": 18}}, {"model": "common.skill", "pk": 82, "fields": {"title": "Knowledge of compliance procedures and regulatory reporting requirements", "insert_type": "system", "topic": 18}}, {"model": "common.skill", "pk": 83, "fields": {"title": "Skills in identifying, measuring, and mitigating risks", "insert_type": "system", "topic": 18}}, {"model": "common.skill", "pk": 84, "fields": {"title": "Proficiency in client relationship management (CRM) tools", "insert_type": "system", "topic": 19}}, {"model": "common.skill", "pk": 85, "fields": {"title": "Strong interpersonal skills and communication skills", "insert_type": "system", "topic": 19}}, {"model": "common.skill", "pk": 86, "fields": {"title": "Ability to manage and nurture client relationships, resolve complaints, and meet customer needs", "insert_type": "system", "topic": 19}}, {"model": "common.skill", "pk": 87, "fields": {"title": "Sales skills for cross-selling and up-selling banking products", "insert_type": "system", "topic": 19}}, {"model": "common.skill", "pk": 88, "fields": {"title": "Knowledge of banking software (e.g., Finacle, Temenos, or Oracle FLEXCUBE)", "insert_type": "system", "topic": 20}}, {"model": "common.skill", "pk": 89, "fields": {"title": "Proficiency in Microsoft Office (especially Excel) and data analysis tools (SQL, SAS, R)", "insert_type": "system", "topic": 20}}, {"model": "common.skill", "pk": 90, "fields": {"title": "Understanding of cybersecurity protocols and data privacy", "insert_type": "system", "topic": 20}}, {"model": "common.skill", "pk": 91, "fields": {"title": "Familiarity with digital banking trends, such as online banking, mobile applications, and blockchain", "insert_type": "system", "topic": 20}}, {"model": "common.skill", "pk": 92, "fields": {"title": "Understanding of equity, debt, and derivative markets", "insert_type": "system", "topic": 21}}, {"model": "common.skill", "pk": 93, "fields": {"title": "Skills in portfolio management and investment analysis", "insert_type": "system", "topic": 21}}, {"model": "common.skill", "pk": 94, "fields": {"title": "Knowledge of mergers and acquisitions (M&A), IPOs, and bond markets", "insert_type": "system", "topic": 21}}, {"model": "common.skill", "pk": 95, "fields": {"title": "Financial structuring and valuation expertise", "insert_type": "system", "topic": 21}}, {"model": "common.skill", "pk": 96, "fields": {"title": "Skills in identifying new business opportunities and networking", "insert_type": "system", "topic": 22}}, {"model": "common.skill", "pk": 97, "fields": {"title": "Proficiency in presenting and selling financial products, such as loans, credit cards, and investments", "insert_type": "system", "topic": 22}}, {"model": "common.skill", "pk": 98, "fields": {"title": "Market research and lead generation skills", "insert_type": "system", "topic": 22}}, {"model": "common.skill", "pk": 99, "fields": {"title": "Ability to develop sales strategies and meet sales targets", "insert_type": "system", "topic": 22}}, {"model": "common.skill", "pk": 100, "fields": {"title": "Proficiency in managing and maintaining financial records", "insert_type": "system", "topic": 23}}, {"model": "common.skill", "pk": 101, "fields": {"title": "Knowledge of Generally Accepted Accounting Principles (GAAP) and International Financial Reporting Standards (IFRS)", "insert_type": "system", "topic": 23}}, {"model": "common.skill", "pk": 102, "fields": {"title": "Skills in managing accounts payable and receivable, reconciliations, and bookkeeping", "insert_type": "system", "topic": 23}}, {"model": "common.skill", "pk": 103, "fields": {"title": "Ability to prepare accurate financial reports", "insert_type": "system", "topic": 23}}, {"model": "common.skill", "pk": 104, "fields": {"title": "Skills in assessing creditworthiness and performing credit analysis", "insert_type": "system", "topic": 24}}, {"model": "common.skill", "pk": 105, "fields": {"title": "Ability to structure loans, manage loan portfolios, and monitor credit risk", "insert_type": "system", "topic": 24}}, {"model": "common.skill", "pk": 106, "fields": {"title": "Familiarity with credit scoring models and credit reporting", "insert_type": "system", "topic": 24}}, {"model": "common.skill", "pk": 107, "fields": {"title": "Knowledge of lending laws, regulations, and procedures", "insert_type": "system", "topic": 24}}, {"model": "common.skill", "pk": 108, "fields": {"title": "Strong mathematical and statistical skills", "insert_type": "system", "topic": 25}}, {"model": "common.skill", "pk": 109, "fields": {"title": "Ability to conduct quantitative research and modeling", "insert_type": "system", "topic": 25}}, {"model": "common.skill", "pk": 110, "fields": {"title": "Familiarity with statistical tools (e.g., SPSS, Python, R)", "insert_type": "system", "topic": 25}}, {"model": "common.skill", "pk": 111, "fields": {"title": "Problem-solving skills to interpret complex financial data", "insert_type": "system", "topic": 25}}, {"model": "common.skill", "pk": 112, "fields": {"title": "Strong focus on accuracy in financial transactions and record-keeping", "insert_type": "system", "topic": 26}}, {"model": "common.skill", "pk": 113, "fields": {"title": "Ability to identify discrepancies and prevent errors", "insert_type": "system", "topic": 26}}, {"model": "common.skill", "pk": 114, "fields": {"title": "Attention to detail in regulatory compliance and documentation", "insert_type": "system", "topic": 26}}, {"model": "common.skill", "pk": 115, "fields": {"title": "Vigilance in monitoring accounts for fraudulent activity", "insert_type": "system", "topic": 26}}, {"model": "common.skill", "pk": 116, "fields": {"title": "Ability to plan, execute, and monitor banking projects", "insert_type": "system", "topic": 27}}, {"model": "common.skill", "pk": 117, "fields": {"title": "Skills in budgeting, resource allocation, and timeline management", "insert_type": "system", "topic": 27}}, {"model": "common.skill", "pk": 118, "fields": {"title": "Familiarity with project management software (e.g., MS Project, Trello)", "insert_type": "system", "topic": 27}}, {"model": "common.skill", "pk": 119, "fields": {"title": "Ability to coordinate with cross-functional teams", "insert_type": "system", "topic": 27}}, {"model": "common.skill", "pk": 120, "fields": {"title": "Clear and effective verbal and written communication", "insert_type": "system", "topic": 28}}, {"model": "common.skill", "pk": 121, "fields": {"title": "Ability to explain complex financial concepts to clients and colleagues", "insert_type": "system", "topic": 28}}, {"model": "common.skill", "pk": 122, "fields": {"title": "Skills in negotiation and conflict resolution", "insert_type": "system", "topic": 28}}, {"model": "common.skill", "pk": 123, "fields": {"title": "Teamwork and collaboration with colleagues and stakeholders", "insert_type": "system", "topic": 28}}, {"model": "common.skill", "pk": 124, "fields": {"title": "Expertise in wealth management and financial planning", "insert_type": "system", "topic": 29}}, {"model": "common.skill", "pk": 125, "fields": {"title": "Skills in retirement planning, estate planning, and investment advisory", "insert_type": "system", "topic": 29}}, {"model": "common.skill", "pk": 126, "fields": {"title": "Knowledge of tax implications and benefits of various financial products", "insert_type": "system", "topic": 29}}, {"model": "common.skill", "pk": 127, "fields": {"title": "Ability to create and manage financial plans for clients", "insert_type": "system", "topic": 29}}, {"model": "common.skill", "pk": 128, "fields": {"title": "Adherence to ethical standards and industry best practices", "insert_type": "system", "topic": 30}}, {"model": "common.skill", "pk": 129, "fields": {"title": "Ability to handle sensitive financial information confidentially", "insert_type": "system", "topic": 30}}, {"model": "common.skill", "pk": 130, "fields": {"title": "Compliance with anti-money laundering (AML) laws and fraud prevention", "insert_type": "system", "topic": 30}}, {"model": "common.skill", "pk": 131, "fields": {"title": "Decision-making that prioritizes client and institutional trust", "insert_type": "system", "topic": 30}}, {"model": "common.skill", "pk": 132, "fields": {"title": "In-depth knowledge of specific banking products (e.g., mortgages, personal loans, business loans)", "insert_type": "system", "topic": 31}}, {"model": "common.skill", "pk": 133, "fields": {"title": "Expertise in specialized areas such as wealth management, asset management, and insurance", "insert_type": "system", "topic": 31}}, {"model": "common.skill", "pk": 134, "fields": {"title": "Ability to tailor products to meet customer needs", "insert_type": "system", "topic": 31}}, {"model": "common.skill", "pk": 135, "fields": {"title": "Awareness of competitive products and industry trends", "insert_type": "system", "topic": 31}}, {"model": "common.skill", "pk": 136, "fields": {"title": "Ability to manage a high volume of transactions and responsibilities", "insert_type": "system", "topic": 32}}, {"model": "common.skill", "pk": 137, "fields": {"title": "Skills in prioritizing tasks and meeting deadlines", "insert_type": "system", "topic": 32}}, {"model": "common.skill", "pk": 138, "fields": {"title": "Efficient record-keeping and document management", "insert_type": "system", "topic": 32}}, {"model": "common.skill", "pk": 139, "fields": {"title": "Adaptability to changing client needs and work demands", "insert_type": "system", "topic": 32}}, {"model": "common.skill", "pk": 140, "fields": {"title": "Skills in negotiating loan terms, investment conditions, and service fees", "insert_type": "system", "topic": 33}}, {"model": "common.skill", "pk": 141, "fields": {"title": "Persuasive communication for sales and client onboarding", "insert_type": "system", "topic": 33}}, {"model": "common.skill", "pk": 142, "fields": {"title": "Conflict resolution and compromise in financial agreements", "insert_type": "system", "topic": 33}}, {"model": "common.skill", "pk": 143, "fields": {"title": "Tactful handling of sensitive financial conversations", "insert_type": "system", "topic": 33}}, {"model": "common.skill", "pk": 144, "fields": {"title": "Understanding of economic indicators and their impact on banking", "insert_type": "system", "topic": 34}}, {"model": "common.skill", "pk": 145, "fields": {"title": "Familiarity with interest rates, inflation, exchange rates, and other economic factors", "insert_type": "system", "topic": 34}}, {"model": "common.skill", "pk": 146, "fields": {"title": "Awareness of global and domestic financial trends", "insert_type": "system", "topic": 34}}, {"model": "common.skill", "pk": 147, "fields": {"title": "Ability to use economic knowledge in investment and loan decision-making", "insert_type": "system", "topic": 34}}, {"model": "common.skill", "pk": 148, "fields": {"title": "Understanding of laws governing the banking industry (e.g., anti-money laundering, consumer protection)", "insert_type": "system", "topic": 35}}, {"model": "common.skill", "pk": 149, "fields": {"title": "Knowledge of regulatory bodies and reporting requirements (e.g., SEC, FINTRAC)", "insert_type": "system", "topic": 35}}, {"model": "common.skill", "pk": 150, "fields": {"title": "Awareness of banking ethics and codes of conduct", "insert_type": "system", "topic": 35}}, {"model": "common.skill", "pk": 151, "fields": {"title": "Ability to monitor and implement compliance measures", "insert_type": "system", "topic": 35}}, {"model": "common.skill", "pk": 152, "fields": {"title": "Ability to manage high-pressure situations, such as financial crises", "insert_type": "system", "topic": 36}}, {"model": "common.skill", "pk": 153, "fields": {"title": "Adaptability to market fluctuations and economic changes", "insert_type": "system", "topic": 36}}, {"model": "common.skill", "pk": 154, "fields": {"title": "Resilience in meeting demanding targets and timelines", "insert_type": "system", "topic": 36}}, {"model": "common.skill", "pk": 155, "fields": {"title": "Emotional intelligence in handling customer interactions and sensitive financial matters", "insert_type": "system", "topic": 36}}, {"model": "common.skill", "pk": 156, "fields": {"title": "Proficiency in operating heavy machinery (e.g., bulldozers, excavators, cranes)", "insert_type": "system", "topic": 37}}, {"model": "common.skill", "pk": 157, "fields": {"title": "Carpentry skills for framing, roofing, and interior work", "insert_type": "system", "topic": 37}}, {"model": "common.skill", "pk": 158, "fields": {"title": "Concrete and masonry skills for foundation, walls, and pathways", "insert_type": "system", "topic": 37}}, {"model": "common.skill", "pk": 159, "fields": {"title": "Electrical work knowledge, including wiring and circuitry", "insert_type": "system", "topic": 37}}, {"model": "common.skill", "pk": 160, "fields": {"title": "Plumbing skills, including installation of pipes, fixtures, and drainage", "insert_type": "system", "topic": 37}}, {"model": "common.skill", "pk": 161, "fields": {"title": "HVAC (Heating, Ventilation, and Air Conditioning) installation and maintenance", "insert_type": "system", "topic": 37}}, {"model": "common.skill", "pk": 162, "fields": {"title": "Ability to read and interpret architectural and engineering drawings", "insert_type": "system", "topic": 38}}, {"model": "common.skill", "pk": 163, "fields": {"title": "Understanding of schematics, floor plans, and layout maps", "insert_type": "system", "topic": 38}}, {"model": "common.skill", "pk": 164, "fields": {"title": "Knowledge of symbols, measurements, and scales used in blueprints", "insert_type": "system", "topic": 38}}, {"model": "common.skill", "pk": 165, "fields": {"title": "Skills in following specifications and design requirements accurately", "insert_type": "system", "topic": 38}}, {"model": "common.skill", "pk": 166, "fields": {"title": "Planning, organizing, and managing resources for timely completion", "insert_type": "system", "topic": 39}}, {"model": "common.skill", "pk": 167, "fields": {"title": "Budgeting, cost estimation, and financial management of projects", "insert_type": "system", "topic": 39}}, {"model": "common.skill", "pk": 168, "fields": {"title": "Scheduling and timeline management to meet deadlines", "insert_type": "system", "topic": 39}}, {"model": "common.skill", "pk": 169, "fields": {"title": "Delegation and oversight of tasks across teams", "insert_type": "system", "topic": 39}}, {"model": "common.skill", "pk": 170, "fields": {"title": "Knowledge of local, national, and international building codes (e.g., IBC, NEC)", "insert_type": "system", "topic": 40}}, {"model": "common.skill", "pk": 171, "fields": {"title": "Familiarity with OSHA safety standards and regulations", "insert_type": "system", "topic": 40}}, {"model": "common.skill", "pk": 172, "fields": {"title": "Compliance with zoning laws and environmental guidelines", "insert_type": "system", "topic": 40}}, {"model": "common.skill", "pk": 173, "fields": {"title": "Understanding of structural, electrical, and plumbing code requirements", "insert_type": "system", "topic": 40}}, {"model": "common.skill", "pk": 174, "fields": {"title": "Understanding of occupational health and safety protocols", "insert_type": "system", "topic": 41}}, {"model": "common.skill", "pk": 175, "fields": {"title": "Hazard identification, risk assessment, and safety planning", "insert_type": "system", "topic": 41}}, {"model": "common.skill", "pk": 176, "fields": {"title": "Knowledge of personal protective equipment (PPE) usage", "insert_type": "system", "topic": 41}}, {"model": "common.skill", "pk": 177, "fields": {"title": "Emergency response and first-aid skills", "insert_type": "system", "topic": 41}}, {"model": "common.skill", "pk": 178, "fields": {"title": "Knowledge of load-bearing principles and structural stability", "insert_type": "system", "topic": 42}}, {"model": "common.skill", "pk": 179, "fields": {"title": "Understanding of materials' strengths, weights, and flexibility", "insert_type": "system", "topic": 42}}, {"model": "common.skill", "pk": 180, "fields": {"title": "Skills in assessing foundation needs and load distribution", "insert_type": "system", "topic": 42}}, {"model": "common.skill", "pk": 181, "fields": {"title": "Familiarity with soil mechanics and site grading", "insert_type": "system", "topic": 42}}, {"model": "common.skill", "pk": 182, "fields": {"title": "Basic arithmetic and geometry for measurements and calculations", "insert_type": "system", "topic": 43}}, {"model": "common.skill", "pk": 183, "fields": {"title": "Ability to calculate area, volume, and angles accurately", "insert_type": "system", "topic": 43}}, {"model": "common.skill", "pk": 184, "fields": {"title": "Understanding of metric and imperial systems", "insert_type": "system", "topic": 43}}, {"model": "common.skill", "pk": 185, "fields": {"title": "Skills in measuring distances, depths, and levels precisely", "insert_type": "system", "topic": 43}}, {"model": "common.skill", "pk": 186, "fields": {"title": "Understanding of building materials like concrete, steel, wood, and composites", "insert_type": "system", "topic": 44}}, {"model": "common.skill", "pk": 187, "fields": {"title": "Awareness of material properties, durability, and best applications", "insert_type": "system", "topic": 44}}, {"model": "common.skill", "pk": 188, "fields": {"title": "Skills in sourcing quality materials and managing inventory", "insert_type": "system", "topic": 44}}, {"model": "common.skill", "pk": 189, "fields": {"title": "Knowledge of sustainable and eco-friendly material options", "insert_type": "system", "topic": 44}}, {"model": "common.skill", "pk": 190, "fields": {"title": "Skilled in handling hand tools (e.g., hammers, saws, levels)", "insert_type": "system", "topic": 45}}, {"model": "common.skill", "pk": 191, "fields": {"title": "Ability to operate power tools (e.g., drills, saws, nail guns)", "insert_type": "system", "topic": 45}}, {"model": "common.skill", "pk": 192, "fields": {"title": "Proficiency with surveying equipment (e.g., theodolites, laser levels)", "insert_type": "system", "topic": 45}}, {"model": "common.skill", "pk": 193, "fields": {"title": "Maintenance and troubleshooting of tools and machinery", "insert_type": "system", "topic": 45}}, {"model": "common.skill", "pk": 194, "fields": {"title": "Ability to work effectively in diverse teams", "insert_type": "system", "topic": 46}}, {"model": "common.skill", "pk": 195, "fields": {"title": "Strong interpersonal and communication skills", "insert_type": "system", "topic": 46}}, {"model": "common.skill", "pk": 196, "fields": {"title": "Experience with cross-functional teams, including architects and engineers", "insert_type": "system", "topic": 46}}, {"model": "common.skill", "pk": 197, "fields": {"title": "Conflict resolution and cooperative problem-solving", "insert_type": "system", "topic": 46}}, {"model": "common.skill", "pk": 198, "fields": {"title": "Skills in scheduling daily tasks and project milestones", "insert_type": "system", "topic": 47}}, {"model": "common.skill", "pk": 199, "fields": {"title": "Prioritizing tasks to meet deadlines efficiently", "insert_type": "system", "topic": 47}}, {"model": "common.skill", "pk": 200, "fields": {"title": "Ability to handle high-pressure environments and tight schedules", "insert_type": "system", "topic": 47}}, {"model": "common.skill", "pk": 201, "fields": {"title": "Adaptability to changes in project scope or unexpected delays", "insert_type": "system", "topic": 47}}, {"model": "common.skill", "pk": 202, "fields": {"title": "Ability to troubleshoot and resolve on-site issues quickly", "insert_type": "system", "topic": 48}}, {"model": "common.skill", "pk": 203, "fields": {"title": "Critical thinking skills to assess structural or procedural challenges", "insert_type": "system", "topic": 48}}, {"model": "common.skill", "pk": 204, "fields": {"title": "Creativity in finding practical solutions to construction problems", "insert_type": "system", "topic": 48}}, {"model": "common.skill", "pk": 205, "fields": {"title": "Resourcefulness in making adjustments with limited resources", "insert_type": "system", "topic": 48}}, {"model": "common.skill", "pk": 206, "fields": {"title": "Knowledge of sustainable construction practices", "insert_type": "system", "topic": 49}}, {"model": "common.skill", "pk": 207, "fields": {"title": "Understanding of energy-efficient design and green building standards (e.g., LEED certification)", "insert_type": "system", "topic": 49}}, {"model": "common.skill", "pk": 208, "fields": {"title": "Waste management and recycling practices", "insert_type": "system", "topic": 49}}, {"model": "common.skill", "pk": 209, "fields": {"title": "Awareness of environmental impact and preservation of natural resources", "insert_type": "system", "topic": 49}}, {"model": "common.skill", "pk": 210, "fields": {"title": "Proficiency in using surveying tools to measure land", "insert_type": "system", "topic": 50}}, {"model": "common.skill", "pk": 211, "fields": {"title": "Skills in establishing reference points and setting benchmarks", "insert_type": "system", "topic": 50}}, {"model": "common.skill", "pk": 212, "fields": {"title": "Ability to create accurate site layouts based on blueprints", "insert_type": "system", "topic": 50}}, {"model": "common.skill", "pk": 213, "fields": {"title": "Knowledge of topographic, boundary, and construction surveys", "insert_type": "system", "topic": 50}}, {"model": "common.skill", "pk": 214, "fields": {"title": "Clear and effective verbal and written communication", "insert_type": "system", "topic": 51}}, {"model": "common.skill", "pk": 215, "fields": {"title": "Ability to convey technical information to clients and team members", "insert_type": "system", "topic": 51}}, {"model": "common.skill", "pk": 216, "fields": {"title": "Skills in reporting progress, issues, and updates", "insert_type": "system", "topic": 51}}, {"model": "common.skill", "pk": 217, "fields": {"title": "Negotiation skills for dealing with clients and suppliers", "insert_type": "system", "topic": 51}}, {"model": "common.skill", "pk": 218, "fields": {"title": "Knowledge of quality standards for materials and workmanship", "insert_type": "system", "topic": 52}}, {"model": "common.skill", "pk": 219, "fields": {"title": "Skills in inspecting work for adherence to specifications", "insert_type": "system", "topic": 52}}, {"model": "common.skill", "pk": 220, "fields": {"title": "Attention to detail in identifying flaws and areas for improvement", "insert_type": "system", "topic": 52}}, {"model": "common.skill", "pk": 221, "fields": {"title": "Familiarity with inspection checklists and quality documentation", "insert_type": "system", "topic": 52}}, {"model": "common.skill", "pk": 222, "fields": {"title": "Certified skills for operating excavators, loaders, and forklifts", "insert_type": "system", "topic": 53}}, {"model": "common.skill", "pk": 223, "fields": {"title": "Understanding of equipment safety protocols", "insert_type": "system", "topic": 53}}, {"model": "common.skill", "pk": 224, "fields": {"title": "Routine equipment maintenance and troubleshooting", "insert_type": "system", "topic": 53}}, {"model": "common.skill", "pk": 225, "fields": {"title": "Awareness of load limits and operating conditions", "insert_type": "system", "topic": 53}}, {"model": "common.skill", "pk": 226, "fields": {"title": "Skills in estimating costs of materials, labor, and time", "insert_type": "system", "topic": 54}}, {"model": "common.skill", "pk": 227, "fields": {"title": "Budget planning and management for projects", "insert_type": "system", "topic": 54}}, {"model": "common.skill", "pk": 228, "fields": {"title": "Knowledge of cost-saving techniques and value engineering", "insert_type": "system", "topic": 54}}, {"model": "common.skill", "pk": 229, "fields": {"title": "Ability to manage financial records and control project expenses", "insert_type": "system", "topic": 54}}, {"model": "common.skill", "pk": 230, "fields": {"title": "Proficiency in CAD software (e.g., AutoCAD, Revit, SketchUp)", "insert_type": "system", "topic": 55}}, {"model": "common.skill", "pk": 231, "fields": {"title": "Skills in creating and editing digital models and blueprints", "insert_type": "system", "topic": 55}}, {"model": "common.skill", "pk": 232, "fields": {"title": "Understanding of 3D modeling and visualization techniques", "insert_type": "system", "topic": 55}}, {"model": "common.skill", "pk": 233, "fields": {"title": "Familiarity with BIM (Building Information Modeling) tools", "insert_type": "system", "topic": 55}}, {"model": "common.skill", "pk": 234, "fields": {"title": "Skills in welding processes (e.g., MIG, TIG, Arc welding)", "insert_type": "system", "topic": 56}}, {"model": "common.skill", "pk": 235, "fields": {"title": "Knowledge of metal types and welding techniques", "insert_type": "system", "topic": 56}}, {"model": "common.skill", "pk": 236, "fields": {"title": "Ability to read welding diagrams and blueprints", "insert_type": "system", "topic": 56}}, {"model": "common.skill", "pk": 237, "fields": {"title": "Familiarity with safety standards for welding", "insert_type": "system", "topic": 56}}, {"model": "common.skill", "pk": 238, "fields": {"title": "Proficiency in concrete mixing, pouring, and curing", "insert_type": "system", "topic": 57}}, {"model": "common.skill", "pk": 239, "fields": {"title": "Knowledge of formwork design and installation", "insert_type": "system", "topic": 57}}, {"model": "common.skill", "pk": 240, "fields": {"title": "Skills in creating foundations, walls, and other concrete structures", "insert_type": "system", "topic": 57}}, {"model": "common.skill", "pk": 241, "fields": {"title": "Understanding of reinforced concrete and rebar usage", "insert_type": "system", "topic": 57}}, {"model": "common.skill", "pk": 242, "fields": {"title": "Certification and safety training for working on scaffolding", "insert_type": "system", "topic": 58}}, {"model": "common.skill", "pk": 243, "fields": {"title": "Knowledge of proper scaffold setup and load limits", "insert_type": "system", "topic": 58}}, {"model": "common.skill", "pk": 244, "fields": {"title": "Skills in safely working on rooftops, ladders, and elevated platforms", "insert_type": "system", "topic": 58}}, {"model": "common.skill", "pk": 245, "fields": {"title": "Understanding of fall protection and safety harness usage", "insert_type": "system", "topic": 58}}, {"model": "common.skill", "pk": 246, "fields": {"title": "Basic mechanical skills for equipment repair and maintenance", "insert_type": "system", "topic": 59}}, {"model": "common.skill", "pk": 247, "fields": {"title": "Understanding of electrical systems, wiring, and circuits", "insert_type": "system", "topic": 59}}, {"model": "common.skill", "pk": 248, "fields": {"title": "Knowledge of plumbing and HVAC systems", "insert_type": "system", "topic": 59}}, {"model": "common.skill", "pk": 249, "fields": {"title": "Ability to diagnose and repair minor mechanical issues", "insert_type": "system", "topic": 59}}, {"model": "common.skill", "pk": 250, "fields": {"title": "Proficiency in estimating and project management software (e.g., Procore, Bluebeam, Buildertrend)", "insert_type": "system", "topic": 60}}, {"model": "common.skill", "pk": 251, "fields": {"title": "Familiarity with construction management platforms", "insert_type": "system", "topic": 60}}, {"model": "common.skill", "pk": 252, "fields": {"title": "Skills in tracking costs, timelines, and project progress digitally", "insert_type": "system", "topic": 60}}, {"model": "common.skill", "pk": 253, "fields": {"title": "Adaptability to new construction technologies and tools", "insert_type": "system", "topic": 60}}, {"model": "common.skill", "pk": 254, "fields": {"title": "Skills in tracking material usage and stock levels", "insert_type": "system", "topic": 61}}, {"model": "common.skill", "pk": 255, "fields": {"title": "Knowledge of inventory management systems", "insert_type": "system", "topic": 61}}, {"model": "common.skill", "pk": 256, "fields": {"title": "Ability to prevent material wastage and ensure timely restocking", "insert_type": "system", "topic": 61}}, {"model": "common.skill", "pk": 257, "fields": {"title": "Familiarity with ordering procedures and supplier negotiations", "insert_type": "system", "topic": 61}}, {"model": "common.position", "pk": 1, "fields": {"title": "Chief Technology Officer (CTO)"}}, {"model": "common.position", "pk": 2, "fields": {"title": "Chief Executive Officer (CEO)"}}, {"model": "common.position", "pk": 3, "fields": {"title": "Chief Financial Officer (CFO)"}}, {"model": "common.position", "pk": 4, "fields": {"title": "Chief Product Officer (CPO)"}}, {"model": "common.position", "pk": 5, "fields": {"title": "Chief Security Officer (CSO)"}}, {"model": "common.position", "pk": 6, "fields": {"title": "General Manager"}}, {"model": "common.position", "pk": 7, "fields": {"title": "Vice President (VP) of Operations"}}, {"model": "common.position", "pk": 8, "fields": {"title": "Vice President (VP) of Engineering"}}, {"model": "common.position", "pk": 9, "fields": {"title": "Head of Product"}}, {"model": "common.position", "pk": 10, "fields": {"title": "Marketing Director"}}, {"model": "common.position", "pk": 11, "fields": {"title": "Sales Director"}}, {"model": "common.languageproficiencytest", "pk": 1, "fields": {"title": "IELTS", "min_score": 0.0, "max_score": 8.0, "overall_min_score": 0.0, "overall_max_score": 8.0, "languages": "[\"en\", \"en-au\", \"en-gb\"]"}}, {"model": "common.languageproficiencytest", "pk": 2, "fields": {"title": "TOEFL", "min_score": 0.0, "max_score": 30.0, "overall_min_score": 0.0, "overall_max_score": 120.0, "languages": "[\"en\", \"en-au\", \"en-gb\"]"}}, {"model": "common.languageproficiencytest", "pk": 3, "fields": {"title": "Duolingo", "min_score": 0.0, "max_score": 100.0, "overall_min_score": 0.0, "overall_max_score": 1.0, "languages": "[\"en\", \"en-au\", \"en-gb\"]"}}]