[{"model": "common.industry", "pk": 17, "fields": {"title": "Hospitality"}}, {"model": "common.industry", "pk": 18, "fields": {"title": "Banking"}}, {"model": "common.industry", "pk": 19, "fields": {"title": "Construction"}}, {"model": "common.jobcategory", "pk": 35, "fields": {"title": "Junior posts", "industry": 17}}, {"model": "common.jobcategory", "pk": 36, "fields": {"title": "Mid-Level Positions", "industry": 17}}, {"model": "common.jobcategory", "pk": 37, "fields": {"title": "Senior Level Positions", "industry": 17}}, {"model": "common.jobcategory", "pk": 38, "fields": {"title": "General Positions", "industry": 19}}, {"model": "common.jobcategory", "pk": 39, "fields": {"title": "Administrative & Office Positions", "industry": 19}}, {"model": "common.jobcategory", "pk": 40, "fields": {"title": "Engineering and Design Positions", "industry": 19}}, {"model": "common.jobcategory", "pk": 41, "fields": {"title": "Skilled Trades & Technicians", "industry": 19}}, {"model": "common.jobcategory", "pk": 42, "fields": {"title": "Heavy Machinery & Equipment", "industry": 19}}, {"model": "common.jobcategory", "pk": 43, "fields": {"title": "Specialty Trade Workers", "industry": 19}}, {"model": "common.jobcategory", "pk": 44, "fields": {"title": "Concrete & Foundations", "industry": 19}}, {"model": "common.jobcategory", "pk": 45, "fields": {"title": "Finishing & Detailing", "industry": 19}}, {"model": "common.jobcategory", "pk": 46, "fields": {"title": "Environmental & Safety", "industry": 19}}, {"model": "common.jobcategory", "pk": 47, "fields": {"title": "Utilities & Infrastructure", "industry": 19}}, {"model": "common.jobcategory", "pk": 48, "fields": {"title": "Surveying & Planning", "industry": 19}}, {"model": "common.jobcategory", "pk": 49, "fields": {"title": "Logistics & Support", "industry": 19}}, {"model": "common.jobcategory", "pk": 50, "fields": {"title": "Mechanical & Systems", "industry": 19}}, {"model": "common.jobcategory", "pk": 51, "fields": {"title": "Project Management & Leadership", "industry": 19}}, {"model": "common.jobcategory", "pk": 52, "fields": {"title": "Quality Control & Inspection", "industry": 19}}, {"model": "common.jobcategory", "pk": 53, "fields": {"title": "Green Building & Sustainability", "industry": 19}}, {"model": "common.jobcategory", "pk": 54, "fields": {"title": "Specialized Roles", "industry": 19}}, {"model": "common.jobcategory", "pk": 55, "fields": {"title": "Apprenticeships & Assistants", "industry": 19}}, {"model": "common.jobcategory", "pk": 56, "fields": {"title": "Management Roles", "industry": 18}}, {"model": "common.jobcategory", "pk": 57, "fields": {"title": "Corporate Banking & Finance Roles", "industry": 18}}, {"model": "common.jobcategory", "pk": 58, "fields": {"title": "Investment Banking Roles", "industry": 18}}, {"model": "common.jobcategory", "pk": 59, "fields": {"title": "Retail and Personal Banking Roles", "industry": 18}}, {"model": "common.jobcategory", "pk": 60, "fields": {"title": "Risk and Compliance Roles", "industry": 18}}, {"model": "common.jobcategory", "pk": 61, "fields": {"title": "Technology and Digital Banking Roles", "industry": 18}}, {"model": "common.jobcategory", "pk": 62, "fields": {"title": "Wealth Management and Advisory Roles", "industry": 18}}, {"model": "common.jobcategory", "pk": 63, "fields": {"title": "Customer Service and General Banking Roles", "industry": 18}}, {"model": "common.jobcategory", "pk": 64, "fields": {"title": "Marketing and Sales Roles", "industry": 18}}, {"model": "common.jobcategory", "pk": 65, "fields": {"title": "Administrative and Support Roles", "industry": 18}}, {"model": "common.jobcategory", "pk": 66, "fields": {"title": "Engineering And Design Positions", "industry": 19}}, {"model": "common.jobcategory", "pk": 67, "fields": {"title": "Retail And Personal Banking Roles", "industry": 18}}, {"model": "common.jobcategory", "pk": 68, "fields": {"title": "Risk And Compliance Roles", "industry": 18}}, {"model": "common.jobcategory", "pk": 69, "fields": {"title": "Technology And Digital Banking Roles", "industry": 18}}, {"model": "common.jobcategory", "pk": 70, "fields": {"title": "Wealth Management And Advisory Roles", "industry": 18}}, {"model": "common.jobcategory", "pk": 71, "fields": {"title": "Customer Service And General Banking Roles", "industry": 18}}, {"model": "common.jobcategory", "pk": 72, "fields": {"title": "Marketing And Sales Roles", "industry": 18}}, {"model": "common.jobcategory", "pk": 73, "fields": {"title": "Administrative And Support Roles", "industry": 18}}, {"model": "common.job", "pk": 45, "fields": {"title": "Construction Laborer/Worker", "category": 38, "require_appearance_data": false}}, {"model": "common.job", "pk": 46, "fields": {"title": "General Contractor", "category": 38, "require_appearance_data": false}}, {"model": "common.job", "pk": 47, "fields": {"title": "Construction Foreman", "category": 38, "require_appearance_data": false}}, {"model": "common.job", "pk": 48, "fields": {"title": "Construction Manager", "category": 38, "require_appearance_data": false}}, {"model": "common.job", "pk": 49, "fields": {"title": "Project Manager", "category": 38, "require_appearance_data": false}}, {"model": "common.job", "pk": 50, "fields": {"title": "Site Supervisor", "category": 38, "require_appearance_data": false}}, {"model": "common.job", "pk": 51, "fields": {"title": "Site Safety Officer", "category": 38, "require_appearance_data": false}}, {"model": "common.job", "pk": 52, "fields": {"title": "Superintendent", "category": 38, "require_appearance_data": false}}, {"model": "common.job", "pk": 53, "fields": {"title": "Estimator", "category": 38, "require_appearance_data": false}}, {"model": "common.job", "pk": 54, "fields": {"title": "Quantity Surveyor", "category": 38, "require_appearance_data": false}}, {"model": "common.job", "pk": 55, "fields": {"title": "Scheduler", "category": 38, "require_appearance_data": false}}, {"model": "common.job", "pk": 56, "fields": {"title": "Building Inspector", "category": 38, "require_appearance_data": false}}, {"model": "common.job", "pk": 57, "fields": {"title": "Dangerous Goods Driver", "category": 38, "require_appearance_data": false}}, {"model": "common.job", "pk": 58, "fields": {"title": "Contract Administrator", "category": 39, "require_appearance_data": false}}, {"model": "common.job", "pk": 59, "fields": {"title": "Project Coordinator", "category": 39, "require_appearance_data": false}}, {"model": "common.job", "pk": 60, "fields": {"title": "Procurement Specialist", "category": 39, "require_appearance_data": false}}, {"model": "common.job", "pk": 61, "fields": {"title": "Document Controller", "category": 39, "require_appearance_data": false}}, {"model": "common.job", "pk": 62, "fields": {"title": "Office Manager", "category": 39, "require_appearance_data": false}}, {"model": "common.job", "pk": 63, "fields": {"title": "Project Accountant", "category": 39, "require_appearance_data": false}}, {"model": "common.job", "pk": 64, "fields": {"title": "Health And Safety Coordinator", "category": 39, "require_appearance_data": false}}, {"model": "common.job", "pk": 65, "fields": {"title": "Civil Engineer", "category": 66, "require_appearance_data": false}}, {"model": "common.job", "pk": 66, "fields": {"title": "Structural Engineer", "category": 66, "require_appearance_data": false}}, {"model": "common.job", "pk": 67, "fields": {"title": "Geotechnical Engineer", "category": 66, "require_appearance_data": false}}, {"model": "common.job", "pk": 68, "fields": {"title": "Mechanical Engineer", "category": 66, "require_appearance_data": false}}, {"model": "common.job", "pk": 69, "fields": {"title": "Electrical Engineer", "category": 66, "require_appearance_data": false}}, {"model": "common.job", "pk": 70, "fields": {"title": "Architectural Designer", "category": 66, "require_appearance_data": false}}, {"model": "common.job", "pk": 71, "fields": {"title": "Cad Technician/Drafter", "category": 66, "require_appearance_data": false}}, {"model": "common.job", "pk": 72, "fields": {"title": "Building Information Modeling (Bim) Specialist/Manager", "category": 66, "require_appearance_data": false}}, {"model": "common.job", "pk": 73, "fields": {"title": "Surveyor/Construction Surveyor", "category": 66, "require_appearance_data": false}}, {"model": "common.job", "pk": 74, "fields": {"title": "Site Engineer", "category": 66, "require_appearance_data": false}}, {"model": "common.job", "pk": 75, "fields": {"title": "Carpenter", "category": 41, "require_appearance_data": false}}, {"model": "common.job", "pk": 76, "fields": {"title": "Electrician", "category": 41, "require_appearance_data": false}}, {"model": "common.job", "pk": 77, "fields": {"title": "Plumber", "category": 41, "require_appearance_data": false}}, {"model": "common.job", "pk": 78, "fields": {"title": "Hvac Technician", "category": 41, "require_appearance_data": false}}, {"model": "common.job", "pk": 79, "fields": {"title": "Mason/Bricklayer", "category": 41, "require_appearance_data": false}}, {"model": "common.job", "pk": 80, "fields": {"title": "Welder", "category": 41, "require_appearance_data": false}}, {"model": "common.job", "pk": 81, "fields": {"title": "Ironworker", "category": 41, "require_appearance_data": false}}, {"model": "common.job", "pk": 82, "fields": {"title": "Steel Fixer", "category": 41, "require_appearance_data": false}}, {"model": "common.job", "pk": 83, "fields": {"title": "Pipefitter", "category": 41, "require_appearance_data": false}}, {"model": "common.job", "pk": 84, "fields": {"title": "Drywaller", "category": 41, "require_appearance_data": false}}, {"model": "common.job", "pk": 85, "fields": {"title": "Roofer", "category": 41, "require_appearance_data": false}}, {"model": "common.job", "pk": 86, "fields": {"title": "Glazier", "category": 41, "require_appearance_data": false}}, {"model": "common.job", "pk": 87, "fields": {"title": "Scaffolder", "category": 41, "require_appearance_data": false}}, {"model": "common.job", "pk": 88, "fields": {"title": "Painter", "category": 41, "require_appearance_data": false}}, {"model": "common.job", "pk": 89, "fields": {"title": "Tiler", "category": 41, "require_appearance_data": false}}, {"model": "common.job", "pk": 90, "fields": {"title": "Concrete Finisher", "category": 41, "require_appearance_data": false}}, {"model": "common.job", "pk": 91, "fields": {"title": "Formworker", "category": 41, "require_appearance_data": false}}, {"model": "common.job", "pk": 92, "fields": {"title": "Heavy Equipment Operator", "category": 41, "require_appearance_data": false}}, {"model": "common.job", "pk": 93, "fields": {"title": "Crane Operator", "category": 41, "require_appearance_data": false}}, {"model": "common.job", "pk": 94, "fields": {"title": "Rigger", "category": 41, "require_appearance_data": false}}, {"model": "common.job", "pk": 95, "fields": {"title": "Paver", "category": 41, "require_appearance_data": false}}, {"model": "common.job", "pk": 96, "fields": {"title": "Asphalt Laborer", "category": 41, "require_appearance_data": false}}, {"model": "common.job", "pk": 97, "fields": {"title": "Millwright", "category": 41, "require_appearance_data": false}}, {"model": "common.job", "pk": 98, "fields": {"title": "Insulation Installer", "category": 41, "require_appearance_data": false}}, {"model": "common.job", "pk": 99, "fields": {"title": "Flooring Installer", "category": 41, "require_appearance_data": false}}, {"model": "common.job", "pk": 100, "fields": {"title": "Excavator Operator", "category": 42, "require_appearance_data": false}}, {"model": "common.job", "pk": 101, "fields": {"title": "Bulldozer Operator", "category": 42, "require_appearance_data": false}}, {"model": "common.job", "pk": 102, "fields": {"title": "Grader Operator", "category": 42, "require_appearance_data": false}}, {"model": "common.job", "pk": 103, "fields": {"title": "Forklift Operator", "category": 42, "require_appearance_data": false}}, {"model": "common.job", "pk": 104, "fields": {"title": "Backhoe Operator", "category": 42, "require_appearance_data": false}}, {"model": "common.job", "pk": 105, "fields": {"title": "Dump Truck Driver", "category": 42, "require_appearance_data": false}}, {"model": "common.job", "pk": 106, "fields": {"title": "Pile Driver Operator", "category": 42, "require_appearance_data": false}}, {"model": "common.job", "pk": 107, "fields": {"title": "Demolition Worker", "category": 43, "require_appearance_data": false}}, {"model": "common.job", "pk": 108, "fields": {"title": "Waterproofing Specialist", "category": 43, "require_appearance_data": false}}, {"model": "common.job", "pk": 109, "fields": {"title": "Fireproofing Installer", "category": 43, "require_appearance_data": false}}, {"model": "common.job", "pk": 110, "fields": {"title": "Elevator Installer/Repairer", "category": 43, "require_appearance_data": false}}, {"model": "common.job", "pk": 111, "fields": {"title": "Septic System Installer", "category": 43, "require_appearance_data": false}}, {"model": "common.job", "pk": 112, "fields": {"title": "Drilling Operator", "category": 43, "require_appearance_data": false}}, {"model": "common.job", "pk": 113, "fields": {"title": "Pile Driving Specialist", "category": 43, "require_appearance_data": false}}, {"model": "common.job", "pk": 114, "fields": {"title": "Shotcrete Operator", "category": 43, "require_appearance_data": false}}, {"model": "common.job", "pk": 115, "fields": {"title": "Rope Access Technician", "category": 43, "require_appearance_data": false}}, {"model": "common.job", "pk": 116, "fields": {"title": "Concrete Laborer", "category": 44, "require_appearance_data": false}}, {"model": "common.job", "pk": 117, "fields": {"title": "Concrete Pump Operator", "category": 44, "require_appearance_data": false}}, {"model": "common.job", "pk": 118, "fields": {"title": "Concrete Cutter", "category": 44, "require_appearance_data": false}}, {"model": "common.job", "pk": 119, "fields": {"title": "Concrete Form Setter", "category": 44, "require_appearance_data": false}}, {"model": "common.job", "pk": 120, "fields": {"title": "Foundation Specialist", "category": 44, "require_appearance_data": false}}, {"model": "common.job", "pk": 121, "fields": {"title": "Finish Carpenter", "category": 45, "require_appearance_data": false}}, {"model": "common.job", "pk": 122, "fields": {"title": "Cabinetmaker", "category": 45, "require_appearance_data": false}}, {"model": "common.job", "pk": 123, "fields": {"title": "Plasterer", "category": 45, "require_appearance_data": false}}, {"model": "common.job", "pk": 124, "fields": {"title": "Drywall Taper", "category": 45, "require_appearance_data": false}}, {"model": "common.job", "pk": 125, "fields": {"title": "Trim Installer", "category": 45, "require_appearance_data": false}}, {"model": "common.job", "pk": 126, "fields": {"title": "Stucco Mason", "category": 45, "require_appearance_data": false}}, {"model": "common.job", "pk": 127, "fields": {"title": "Environmental Technician", "category": 46, "require_appearance_data": false}}, {"model": "common.job", "pk": 128, "fields": {"title": "Asbestos Removal Specialist", "category": 46, "require_appearance_data": false}}, {"model": "common.job", "pk": 129, "fields": {"title": "Hazardous Materials (Hazmat) Specialist", "category": 46, "require_appearance_data": false}}, {"model": "common.job", "pk": 130, "fields": {"title": "Safety Inspector", "category": 46, "require_appearance_data": false}}, {"model": "common.job", "pk": 131, "fields": {"title": "Waste Management Coordinator", "category": 46, "require_appearance_data": false}}, {"model": "common.job", "pk": 132, "fields": {"title": "Lineman (Utility Worker)", "category": 47, "require_appearance_data": false}}, {"model": "common.job", "pk": 133, "fields": {"title": "Underground Utility Installer", "category": 47, "require_appearance_data": false}}, {"model": "common.job", "pk": 134, "fields": {"title": "Water And Sewer Line Installer", "category": 47, "require_appearance_data": false}}, {"model": "common.job", "pk": 135, "fields": {"title": "Gas Line Installer", "category": 47, "require_appearance_data": false}}, {"model": "common.job", "pk": 136, "fields": {"title": "Cable Installer", "category": 47, "require_appearance_data": false}}, {"model": "common.job", "pk": 137, "fields": {"title": "Utility Coordinator", "category": 47, "require_appearance_data": false}}, {"model": "common.job", "pk": 138, "fields": {"title": "Underground Utility Manager", "category": 47, "require_appearance_data": false}}, {"model": "common.job", "pk": 139, "fields": {"title": "Infrastructure Superintendent", "category": 47, "require_appearance_data": false}}, {"model": "common.job", "pk": 140, "fields": {"title": "Utility Inspector", "category": 47, "require_appearance_data": false}}, {"model": "common.job", "pk": 141, "fields": {"title": "Land Surveyor", "category": 48, "require_appearance_data": false}}, {"model": "common.job", "pk": 142, "fields": {"title": "Gis Technician/Manager", "category": 48, "require_appearance_data": false}}, {"model": "common.job", "pk": 143, "fields": {"title": "Urban Planner", "category": 48, "require_appearance_data": false}}, {"model": "common.job", "pk": 144, "fields": {"title": "Planning Engineer", "category": 48, "require_appearance_data": false}}, {"model": "common.job", "pk": 145, "fields": {"title": "Material Handler", "category": 49, "require_appearance_data": false}}, {"model": "common.job", "pk": 146, "fields": {"title": "Logistics Coordinator", "category": 49, "require_appearance_data": false}}, {"model": "common.job", "pk": 147, "fields": {"title": "Site Logistics Manager", "category": 49, "require_appearance_data": false}}, {"model": "common.job", "pk": 148, "fields": {"title": "Traffic Controller", "category": 49, "require_appearance_data": false}}, {"model": "common.job", "pk": 149, "fields": {"title": "Delivery And Receiving Supervisor", "category": 49, "require_appearance_data": false}}, {"model": "common.job", "pk": 150, "fields": {"title": "Mechanical Fitter", "category": 50, "require_appearance_data": false}}, {"model": "common.job", "pk": 151, "fields": {"title": "Sprinkler Fitter", "category": 50, "require_appearance_data": false}}, {"model": "common.job", "pk": 152, "fields": {"title": "Hvac Installer", "category": 50, "require_appearance_data": false}}, {"model": "common.job", "pk": 153, "fields": {"title": "Sheet Metal Worker", "category": 50, "require_appearance_data": false}}, {"model": "common.job", "pk": 154, "fields": {"title": "Elevator Mechanic", "category": 50, "require_appearance_data": false}}, {"model": "common.job", "pk": 155, "fields": {"title": "Refrigeration Technician", "category": 50, "require_appearance_data": false}}, {"model": "common.job", "pk": 156, "fields": {"title": "Mechanical Project Manager", "category": 50, "require_appearance_data": false}}, {"model": "common.job", "pk": 157, "fields": {"title": "Electrical Systems Manager", "category": 50, "require_appearance_data": false}}, {"model": "common.job", "pk": 158, "fields": {"title": "Construction Project Director", "category": 51, "require_appearance_data": false}}, {"model": "common.job", "pk": 159, "fields": {"title": "Operations Manager", "category": 51, "require_appearance_data": false}}, {"model": "common.job", "pk": 160, "fields": {"title": "Site Operations Manager", "category": 51, "require_appearance_data": false}}, {"model": "common.job", "pk": 161, "fields": {"title": "Lead Estimator", "category": 51, "require_appearance_data": false}}, {"model": "common.job", "pk": 162, "fields": {"title": "Chief Safety Officer", "category": 51, "require_appearance_data": false}}, {"model": "common.job", "pk": 163, "fields": {"title": "Senior Project Manager", "category": 51, "require_appearance_data": false}}, {"model": "common.job", "pk": 164, "fields": {"title": "Senior Superintendent", "category": 51, "require_appearance_data": false}}, {"model": "common.job", "pk": 165, "fields": {"title": "Contracts Manager", "category": 51, "require_appearance_data": false}}, {"model": "common.job", "pk": 166, "fields": {"title": "Risk Management Specialist", "category": 51, "require_appearance_data": false}}, {"model": "common.job", "pk": 167, "fields": {"title": "Business Development Manager", "category": 51, "require_appearance_data": false}}, {"model": "common.job", "pk": 168, "fields": {"title": "Technical Director", "category": 51, "require_appearance_data": false}}, {"model": "common.job", "pk": 169, "fields": {"title": "Lean Construction Specialist", "category": 51, "require_appearance_data": false}}, {"model": "common.job", "pk": 170, "fields": {"title": "Quality Control Inspector", "category": 52, "require_appearance_data": false}}, {"model": "common.job", "pk": 171, "fields": {"title": "Quality Assurance Engineer", "category": 52, "require_appearance_data": false}}, {"model": "common.job", "pk": 172, "fields": {"title": "Construction Inspector", "category": 52, "require_appearance_data": false}}, {"model": "common.job", "pk": 173, "fields": {"title": "Testing And Commissioning Specialist", "category": 52, "require_appearance_data": false}}, {"model": "common.job", "pk": 174, "fields": {"title": "Compliance Officer", "category": 52, "require_appearance_data": false}}, {"model": "common.job", "pk": 175, "fields": {"title": "Sustainability Specialist", "category": 53, "require_appearance_data": false}}, {"model": "common.job", "pk": 176, "fields": {"title": "Leed Coordinator/Project Manager", "category": 53, "require_appearance_data": false}}, {"model": "common.job", "pk": 177, "fields": {"title": "Energy Efficiency Consultant", "category": 53, "require_appearance_data": false}}, {"model": "common.job", "pk": 178, "fields": {"title": "Environmental Compliance Manager", "category": 53, "require_appearance_data": false}}, {"model": "common.job", "pk": 179, "fields": {"title": "Solar Panel Installer", "category": 53, "require_appearance_data": false}}, {"model": "common.job", "pk": 180, "fields": {"title": "Solar Energy Project Manager", "category": 53, "require_appearance_data": false}}, {"model": "common.job", "pk": 181, "fields": {"title": "Blast Technician", "category": 54, "require_appearance_data": false}}, {"model": "common.job", "pk": 182, "fields": {"title": "Tunnel Boring Machine Operator", "category": 54, "require_appearance_data": false}}, {"model": "common.job", "pk": 183, "fields": {"title": "Pile Driving Foreman", "category": 54, "require_appearance_data": false}}, {"model": "common.job", "pk": 184, "fields": {"title": "Blasting Supervisor", "category": 54, "require_appearance_data": false}}, {"model": "common.job", "pk": 185, "fields": {"title": "Demolition Supervisor", "category": 54, "require_appearance_data": false}}, {"model": "common.job", "pk": 186, "fields": {"title": "Crane Supervisor", "category": 54, "require_appearance_data": false}}, {"model": "common.job", "pk": 187, "fields": {"title": "Tunnel Construction Manager", "category": 54, "require_appearance_data": false}}, {"model": "common.job", "pk": 188, "fields": {"title": "Heritage/Archaeological Monitor", "category": 54, "require_appearance_data": false}}, {"model": "common.job", "pk": 189, "fields": {"title": "Apprentice Carpenter", "category": 55, "require_appearance_data": false}}, {"model": "common.job", "pk": 190, "fields": {"title": "Apprentice Electrician", "category": 55, "require_appearance_data": false}}, {"model": "common.job", "pk": 191, "fields": {"title": "Apprentice Plumber", "category": 55, "require_appearance_data": false}}, {"model": "common.job", "pk": 192, "fields": {"title": "Junior Project Manager", "category": 55, "require_appearance_data": false}}, {"model": "common.job", "pk": 193, "fields": {"title": "Junior Estimator", "category": 55, "require_appearance_data": false}}, {"model": "common.job", "pk": 194, "fields": {"title": "Assistant Foreman", "category": 55, "require_appearance_data": false}}, {"model": "common.job", "pk": 195, "fields": {"title": "Assistant Construction Manager", "category": 55, "require_appearance_data": false}}, {"model": "common.job", "pk": 196, "fields": {"title": "Trades Assistant", "category": 55, "require_appearance_data": false}}, {"model": "common.job", "pk": 197, "fields": {"title": "Construction Helper", "category": 55, "require_appearance_data": false}}, {"model": "common.job", "pk": 198, "fields": {"title": "Apprentice Sheet Metal Worker", "category": 55, "require_appearance_data": false}}, {"model": "common.job", "pk": 199, "fields": {"title": "Bank President", "category": 56, "require_appearance_data": false}}, {"model": "common.job", "pk": 200, "fields": {"title": "Chief Risk Officer (Cro)", "category": 56, "require_appearance_data": false}}, {"model": "common.job", "pk": 201, "fields": {"title": "Chief Operations Officer (Coo)", "category": 56, "require_appearance_data": false}}, {"model": "common.job", "pk": 202, "fields": {"title": "Chief Lending Officer", "category": 56, "require_appearance_data": false}}, {"model": "common.job", "pk": 203, "fields": {"title": "Head Of Consumer Banking", "category": 56, "require_appearance_data": false}}, {"model": "common.job", "pk": 204, "fields": {"title": "Head Of Commercial Banking", "category": 56, "require_appearance_data": false}}, {"model": "common.job", "pk": 205, "fields": {"title": "Director Of Wealth Management", "category": 56, "require_appearance_data": false}}, {"model": "common.job", "pk": 206, "fields": {"title": "Regional Branch Manager", "category": 56, "require_appearance_data": false}}, {"model": "common.job", "pk": 207, "fields": {"title": "Operations Manager", "category": 56, "require_appearance_data": false}}, {"model": "common.job", "pk": 208, "fields": {"title": "Director Of Financial Planning", "category": 56, "require_appearance_data": false}}, {"model": "common.job", "pk": 209, "fields": {"title": "Treasury Manager", "category": 56, "require_appearance_data": false}}, {"model": "common.job", "pk": 210, "fields": {"title": "Compliance Manager", "category": 56, "require_appearance_data": false}}, {"model": "common.job", "pk": 211, "fields": {"title": "Senior Corporate Banker", "category": 57, "require_appearance_data": false}}, {"model": "common.job", "pk": 212, "fields": {"title": "Commercial Loan Manager", "category": 57, "require_appearance_data": false}}, {"model": "common.job", "pk": 213, "fields": {"title": "Trade Finance Manager", "category": 57, "require_appearance_data": false}}, {"model": "common.job", "pk": 214, "fields": {"title": "Treasury Operations Analyst", "category": 57, "require_appearance_data": false}}, {"model": "common.job", "pk": 215, "fields": {"title": "Senior Loan Officer", "category": 57, "require_appearance_data": false}}, {"model": "common.job", "pk": 216, "fields": {"title": "Syndicated Loans Analyst", "category": 57, "require_appearance_data": false}}, {"model": "common.job", "pk": 217, "fields": {"title": "Credit Risk Analyst", "category": 57, "require_appearance_data": false}}, {"model": "common.job", "pk": 218, "fields": {"title": "Structured Finance Manager", "category": 57, "require_appearance_data": false}}, {"model": "common.job", "pk": 219, "fields": {"title": "Financial Modeling Analyst", "category": 57, "require_appearance_data": false}}, {"model": "common.job", "pk": 220, "fields": {"title": "Project Finance Specialist", "category": 57, "require_appearance_data": false}}, {"model": "common.job", "pk": 221, "fields": {"title": "Investment Banking Associate", "category": 58, "require_appearance_data": false}}, {"model": "common.job", "pk": 222, "fields": {"title": "Equity Analyst", "category": 58, "require_appearance_data": false}}, {"model": "common.job", "pk": 223, "fields": {"title": "Debt Capital Markets Analyst", "category": 58, "require_appearance_data": false}}, {"model": "common.job", "pk": 224, "fields": {"title": "Mergers And Acquisitions Advisor", "category": 58, "require_appearance_data": false}}, {"model": "common.job", "pk": 225, "fields": {"title": "Private Equity Analyst", "category": 58, "require_appearance_data": false}}, {"model": "common.job", "pk": 226, "fields": {"title": "Fund Manager", "category": 58, "require_appearance_data": false}}, {"model": "common.job", "pk": 227, "fields": {"title": "Derivatives Trader", "category": 58, "require_appearance_data": false}}, {"model": "common.job", "pk": 228, "fields": {"title": "Research Analyst", "category": 58, "require_appearance_data": false}}, {"model": "common.job", "pk": 229, "fields": {"title": "Retail Banking Officer", "category": 67, "require_appearance_data": false}}, {"model": "common.job", "pk": 230, "fields": {"title": "Personal Financial Consultant", "category": 67, "require_appearance_data": false}}, {"model": "common.job", "pk": 231, "fields": {"title": "Relationship Officer", "category": 67, "require_appearance_data": false}}, {"model": "common.job", "pk": 232, "fields": {"title": "Mortgage Loan Processor", "category": 67, "require_appearance_data": false}}, {"model": "common.job", "pk": 233, "fields": {"title": "Consumer Lending Officer", "category": 67, "require_appearance_data": false}}, {"model": "common.job", "pk": 234, "fields": {"title": "Home Loan Officer", "category": 67, "require_appearance_data": false}}, {"model": "common.job", "pk": 235, "fields": {"title": "Auto Loan Specialist", "category": 67, "require_appearance_data": false}}, {"model": "common.job", "pk": 236, "fields": {"title": "Small Business Banker", "category": 67, "require_appearance_data": false}}, {"model": "common.job", "pk": 237, "fields": {"title": "Anti-Money Laundering (Aml) Officer", "category": 68, "require_appearance_data": false}}, {"model": "common.job", "pk": 238, "fields": {"title": "Operational Risk Manager", "category": 68, "require_appearance_data": false}}, {"model": "common.job", "pk": 239, "fields": {"title": "Financial Crime Analyst", "category": 68, "require_appearance_data": false}}, {"model": "common.job", "pk": 240, "fields": {"title": "Credit Risk Manager", "category": 68, "require_appearance_data": false}}, {"model": "common.job", "pk": 241, "fields": {"title": "Risk Control Analyst", "category": 68, "require_appearance_data": false}}, {"model": "common.job", "pk": 242, "fields": {"title": "Internal Auditor", "category": 68, "require_appearance_data": false}}, {"model": "common.job", "pk": 243, "fields": {"title": "Compliance Auditor", "category": 68, "require_appearance_data": false}}, {"model": "common.job", "pk": 244, "fields": {"title": "Regulatory Reporting Analyst", "category": 68, "require_appearance_data": false}}, {"model": "common.job", "pk": 245, "fields": {"title": "Sanctions Officer", "category": 68, "require_appearance_data": false}}, {"model": "common.job", "pk": 246, "fields": {"title": "Digital Transformation Manager", "category": 69, "require_appearance_data": false}}, {"model": "common.job", "pk": 247, "fields": {"title": "Blockchain Analyst", "category": 69, "require_appearance_data": false}}, {"model": "common.job", "pk": 248, "fields": {"title": "Fintech Specialist", "category": 69, "require_appearance_data": false}}, {"model": "common.job", "pk": 249, "fields": {"title": "Core Banking Software Developer", "category": 69, "require_appearance_data": false}}, {"model": "common.job", "pk": 250, "fields": {"title": "Cybersecurity Officer", "category": 69, "require_appearance_data": false}}, {"model": "common.job", "pk": 251, "fields": {"title": "Database Administrator", "category": 69, "require_appearance_data": false}}, {"model": "common.job", "pk": 252, "fields": {"title": "Data Scientist (Banking)", "category": 69, "require_appearance_data": false}}, {"model": "common.job", "pk": 253, "fields": {"title": "Digital Channel Specialist", "category": 69, "require_appearance_data": false}}, {"model": "common.job", "pk": 254, "fields": {"title": "Payment Systems Analyst", "category": 69, "require_appearance_data": false}}, {"model": "common.job", "pk": 255, "fields": {"title": "It Risk And Security Analyst", "category": 69, "require_appearance_data": false}}, {"model": "common.job", "pk": 256, "fields": {"title": "Private Banking Manager", "category": 70, "require_appearance_data": false}}, {"model": "common.job", "pk": 257, "fields": {"title": "Senior Wealth Manager", "category": 70, "require_appearance_data": false}}, {"model": "common.job", "pk": 258, "fields": {"title": "Wealth Planning Analyst", "category": 70, "require_appearance_data": false}}, {"model": "common.job", "pk": 259, "fields": {"title": "Trust Officer", "category": 70, "require_appearance_data": false}}, {"model": "common.job", "pk": 260, "fields": {"title": "Estate Planning Consultant", "category": 70, "require_appearance_data": false}}, {"model": "common.job", "pk": 261, "fields": {"title": "Retirement Planning Specialist", "category": 70, "require_appearance_data": false}}, {"model": "common.job", "pk": 262, "fields": {"title": "Investment Consultant", "category": 70, "require_appearance_data": false}}, {"model": "common.job", "pk": 263, "fields": {"title": "Bank Teller Supervisor", "category": 71, "require_appearance_data": false}}, {"model": "common.job", "pk": 264, "fields": {"title": "Bank Teller", "category": 71, "require_appearance_data": false}}, {"model": "common.job", "pk": 265, "fields": {"title": "Customer Support Officer", "category": 71, "require_appearance_data": false}}, {"model": "common.job", "pk": 266, "fields": {"title": "Call Center Agent", "category": 71, "require_appearance_data": false}}, {"model": "common.job", "pk": 267, "fields": {"title": "Client Service Officer", "category": 71, "require_appearance_data": false}}, {"model": "common.job", "pk": 268, "fields": {"title": "New Accounts Specialist", "category": 71, "require_appearance_data": false}}, {"model": "common.job", "pk": 269, "fields": {"title": "Personal Banking Advisor", "category": 71, "require_appearance_data": false}}, {"model": "common.job", "pk": 270, "fields": {"title": "Loan Servicing Specialist", "category": 71, "require_appearance_data": false}}, {"model": "common.job", "pk": 271, "fields": {"title": "Product Development Manager", "category": 72, "require_appearance_data": false}}, {"model": "common.job", "pk": 272, "fields": {"title": "Retail Sales Manager", "category": 72, "require_appearance_data": false}}, {"model": "common.job", "pk": 273, "fields": {"title": "Financial Product Sales Specialist", "category": 72, "require_appearance_data": false}}, {"model": "common.job", "pk": 274, "fields": {"title": "Marketing Communications Manager", "category": 72, "require_appearance_data": false}}, {"model": "common.job", "pk": 275, "fields": {"title": "Business Development Officer", "category": 72, "require_appearance_data": false}}, {"model": "common.job", "pk": 276, "fields": {"title": "Client Relationship Manager", "category": 72, "require_appearance_data": false}}, {"model": "common.job", "pk": 277, "fields": {"title": "Sales Associate (Financial Products)", "category": 72, "require_appearance_data": false}}, {"model": "common.job", "pk": 278, "fields": {"title": "Branch Operations Coordinator", "category": 73, "require_appearance_data": false}}, {"model": "common.job", "pk": 279, "fields": {"title": "Administrative Assistant (Banking)", "category": 73, "require_appearance_data": false}}, {"model": "common.job", "pk": 280, "fields": {"title": "Loan Administration Officer", "category": 73, "require_appearance_data": false}}, {"model": "common.job", "pk": 281, "fields": {"title": "Financial Reporting Assistant", "category": 73, "require_appearance_data": false}}, {"model": "common.job", "pk": 282, "fields": {"title": "Document Control Specialist", "category": 73, "require_appearance_data": false}}, {"model": "common.job", "pk": 283, "fields": {"title": "Loan Processing Assistant", "category": 73, "require_appearance_data": false}}, {"model": "common.job", "pk": 284, "fields": {"title": "Banking Clerk", "category": 73, "require_appearance_data": false}}, {"model": "common.job", "pk": 285, "fields": {"title": "Loan Compliance Assistant", "category": 73, "require_appearance_data": false}}, {"model": "common.field", "pk": 1, "fields": {"name": "Business"}}, {"model": "common.field", "pk": 2, "fields": {"name": "Healthcare"}}, {"model": "common.field", "pk": 3, "fields": {"name": "Engineering"}}, {"model": "common.field", "pk": 4, "fields": {"name": "Computer and Information Sciences"}}, {"model": "common.university", "pk": 1, "fields": {"name": "Amirkabir University of Technology", "city": 13678, "website": "https://aut.ac.ir/en"}}, {"model": "common.university", "pk": 2, "fields": {"name": "Ferdowsi University of Mashhad", "city": 13741, "website": "https://en.um.ac.ir/"}}, {"model": "common.university", "pk": 3, "fields": {"name": "Semnan University", "city": 13695, "website": "https://english.semnan.ac.ir/"}}, {"model": "common.university", "pk": 4, "fields": {"name": "Islamic Azad University", "city": 13683, "website": "https://tabriz.iau.ir/fa"}}, {"model": "common.university", "pk": 5, "fields": {"name": "Islamic Azad University", "city": 13678, "website": "https://ctb.iau.ir/en"}}, {"model": "common.university", "pk": 6, "fields": {"name": "Harvard University", "city": 24475, "website": "http://www.harvard.edu"}}, {"model": "common.university", "pk": 7, "fields": {"name": "Stanford University", "city": 25641, "website": "http://www.stanford.edu"}}, {"model": "common.university", "pk": 8, "fields": {"name": "Massachusetts Institute of Technology", "city": 24475, "website": "http://www.mit.edu"}}, {"model": "common.university", "pk": 9, "fields": {"name": "Princeton University", "city": 24824, "website": "http://www.princeton.edu"}}, {"model": "common.university", "pk": 10, "fields": {"name": "University of Oxford", "city": 9296, "website": "http://www.ox.ac.uk"}}, {"model": "common.skilltopic", "pk": 2, "fields": {"title": "Customer Service Skills", "industry": 17}}, {"model": "common.skilltopic", "pk": 3, "fields": {"title": "Communication Skills", "industry": 17}}, {"model": "common.skilltopic", "pk": 4, "fields": {"title": "Problem-Solving Skills", "industry": 17}}, {"model": "common.skilltopic", "pk": 5, "fields": {"title": "Organizational Skills", "industry": 17}}, {"model": "common.skilltopic", "pk": 6, "fields": {"title": "Technical Skills", "industry": 17}}, {"model": "common.skilltopic", "pk": 7, "fields": {"title": "Cultural Awareness and Sensitivity", "industry": 17}}, {"model": "common.skilltopic", "pk": 8, "fields": {"title": "Sales and Marketing Skills", "industry": 17}}, {"model": "common.skilltopic", "pk": 9, "fields": {"title": "Financial Management Skills", "industry": 17}}, {"model": "common.skilltopic", "pk": 10, "fields": {"title": "Teamwork and Collaboration", "industry": 17}}, {"model": "common.skilltopic", "pk": 11, "fields": {"title": "Food and Beverage Knowledge", "industry": 17}}, {"model": "common.skilltopic", "pk": 12, "fields": {"title": "Event Planning and Coordination", "industry": 17}}, {"model": "common.skilltopic", "pk": 13, "fields": {"title": "Health and Safety Knowledge", "industry": 17}}, {"model": "common.skilltopic", "pk": 14, "fields": {"title": "Attention to Detail", "industry": 17}}, {"model": "common.skilltopic", "pk": 15, "fields": {"title": "Flexibility and Adaptability", "industry": 17}}, {"model": "common.skilltopic", "pk": 16, "fields": {"title": "Networking and Relationship-Building", "industry": 17}}, {"model": "common.skilltopic", "pk": 17, "fields": {"title": "Financial Analysis and Data Interpretation", "industry": 18}}, {"model": "common.skilltopic", "pk": 18, "fields": {"title": "Risk Management and Compliance", "industry": 18}}, {"model": "common.skilltopic", "pk": 19, "fields": {"title": "Customer Service and Relationship Management", "industry": 18}}, {"model": "common.skilltopic", "pk": 20, "fields": {"title": "Technical Skills and Digital Banking", "industry": 18}}, {"model": "common.skilltopic", "pk": 21, "fields": {"title": "Investment Banking and Capital Markets Knowledge", "industry": 18}}, {"model": "common.skilltopic", "pk": 22, "fields": {"title": "Sales and Business Development", "industry": 18}}, {"model": "common.skilltopic", "pk": 23, "fields": {"title": "Accounting and Bookkeeping", "industry": 18}}, {"model": "common.skilltopic", "pk": 24, "fields": {"title": "Credit Analysis and Lending", "industry": 18}}, {"model": "common.skilltopic", "pk": 25, "fields": {"title": "Quantitative and Analytical Skills", "industry": 18}}, {"model": "common.skilltopic", "pk": 26, "fields": {"title": "Attention to Detail and Accuracy", "industry": 18}}, {"model": "common.skilltopic", "pk": 27, "fields": {"title": "Project Management", "industry": 18}}, {"model": "common.skilltopic", "pk": 28, "fields": {"title": "Communication and Interpersonal Skills", "industry": 18}}, {"model": "common.skilltopic", "pk": 29, "fields": {"title": "Financial Planning and Advisory Skills", "industry": 18}}, {"model": "common.skilltopic", "pk": 30, "fields": {"title": "Ethical Judgment and Integrity", "industry": 18}}, {"model": "common.skilltopic", "pk": 31, "fields": {"title": "Product Knowledge and Specialization", "industry": 18}}, {"model": "common.skilltopic", "pk": 32, "fields": {"title": "Time Management and Organization", "industry": 18}}, {"model": "common.skilltopic", "pk": 33, "fields": {"title": "Negotiation and Persuasion", "industry": 18}}, {"model": "common.skilltopic", "pk": 34, "fields": {"title": "Knowledge of Macroeconomics and Financial Markets", "industry": 18}}, {"model": "common.skilltopic", "pk": 35, "fields": {"title": "Legal and Regulatory Knowledge", "industry": 18}}, {"model": "common.skilltopic", "pk": 36, "fields": {"title": "Stress Management and Adaptability", "industry": 18}}, {"model": "common.skilltopic", "pk": 37, "fields": {"title": "Technical Construction Skills", "industry": 19}}, {"model": "common.skilltopic", "pk": 38, "fields": {"title": "Blueprint Reading and Interpretation", "industry": 19}}, {"model": "common.skilltopic", "pk": 39, "fields": {"title": "Project Management", "industry": 19}}, {"model": "common.skilltopic", "pk": 40, "fields": {"title": "Building Codes and Compliance", "industry": 19}}, {"model": "common.skilltopic", "pk": 41, "fields": {"title": "Health and Safety Knowledge", "industry": 19}}, {"model": "common.skilltopic", "pk": 42, "fields": {"title": "Structural Engineering Basics", "industry": 19}}, {"model": "common.skilltopic", "pk": 43, "fields": {"title": "Mathematics and Measurements", "industry": 19}}, {"model": "common.skilltopic", "pk": 44, "fields": {"title": "Material Knowledge", "industry": 19}}, {"model": "common.skilltopic", "pk": 45, "fields": {"title": "Tool and Equipment Proficiency", "industry": 19}}, {"model": "common.skilltopic", "pk": 46, "fields": {"title": "Teamwork and Collaboration", "industry": 19}}, {"model": "common.skilltopic", "pk": 47, "fields": {"title": "Time Management", "industry": 19}}, {"model": "common.skilltopic", "pk": 48, "fields": {"title": "Problem-Solving and Critical Thinking", "industry": 19}}, {"model": "common.skilltopic", "pk": 49, "fields": {"title": "Environmental Awareness", "industry": 19}}, {"model": "common.skilltopic", "pk": 50, "fields": {"title": "Surveying and Site Layout", "industry": 19}}, {"model": "common.skilltopic", "pk": 51, "fields": {"title": "Communication Skills", "industry": 19}}, {"model": "common.skilltopic", "pk": 52, "fields": {"title": "Quality Control and Inspection", "industry": 19}}, {"model": "common.skilltopic", "pk": 53, "fields": {"title": "Heavy Equipment Operation", "industry": 19}}, {"model": "common.skilltopic", "pk": 54, "fields": {"title": "Cost Estimation and Budgeting", "industry": 19}}, {"model": "common.skilltopic", "pk": 55, "fields": {"title": "Drafting and Computer-Aided Design (CAD)", "industry": 19}}, {"model": "common.skilltopic", "pk": 56, "fields": {"title": "Welding and Metalwork", "industry": 19}}, {"model": "common.skilltopic", "pk": 57, "fields": {"title": "Concrete and Formwork", "industry": 19}}, {"model": "common.skilltopic", "pk": 58, "fields": {"title": "Scaffolding and Working at Heights", "industry": 19}}, {"model": "common.skilltopic", "pk": 59, "fields": {"title": "Mechanical and Electrical Knowledge", "industry": 19}}, {"model": "common.skilltopic", "pk": 60, "fields": {"title": "Estimating Software and Construction Technology", "industry": 19}}, {"model": "common.skilltopic", "pk": 61, "fields": {"title": "Inventory and Material Management", "industry": 19}}, {"model": "common.skill", "pk": 15, "fields": {"title": "Excellent communication and interpersonal skills", "insert_type": "system", "topic": 2}}, {"model": "common.skill", "pk": 16, "fields": {"title": "Patience and active listening", "insert_type": "system", "topic": 2}}, {"model": "common.skill", "pk": 17, "fields": {"title": "Conflict resolution", "insert_type": "system", "topic": 2}}, {"model": "common.skill", "pk": 18, "fields": {"title": "Attentiveness and empathy", "insert_type": "system", "topic": 2}}, {"model": "common.skill", "pk": 19, "fields": {"title": "Adaptability to diverse customer needs", "insert_type": "system", "topic": 2}}, {"model": "common.skill", "pk": 20, "fields": {"title": "Positive attitude and enthusiasm", "insert_type": "system", "topic": 2}}, {"model": "common.skill", "pk": 21, "fields": {"title": "Clear and concise verbal communication", "insert_type": "system", "topic": 3}}, {"model": "common.skill", "pk": 22, "fields": {"title": "Written communication (e.g., for emails, reports)", "insert_type": "system", "topic": 3}}, {"model": "common.skill", "pk": 23, "fields": {"title": "Non-verbal communication (body language, gestures)", "insert_type": "system", "topic": 3}}, {"model": "common.skill", "pk": 24, "fields": {"title": "Multilingual skills (highly valued in diverse environments)", "insert_type": "system", "topic": 3}}, {"model": "common.skill", "pk": 25, "fields": {"title": "Public speaking and presentation skills", "insert_type": "system", "topic": 3}}, {"model": "common.skill", "pk": 26, "fields": {"title": "Ability to think on your feet", "insert_type": "system", "topic": 4}}, {"model": "common.skill", "pk": 27, "fields": {"title": "Creativity in finding solutions", "insert_type": "system", "topic": 4}}, {"model": "common.skill", "pk": 28, "fields": {"title": "Critical thinking", "insert_type": "system", "topic": 4}}, {"model": "common.skill", "pk": 29, "fields": {"title": "Decision-making under pressure", "insert_type": "system", "topic": 4}}, {"model": "common.skill", "pk": 30, "fields": {"title": "Negotiation skills", "insert_type": "system", "topic": 4}}, {"model": "common.skill", "pk": 31, "fields": {"title": "Time management and multitasking", "insert_type": "system", "topic": 5}}, {"model": "common.skill", "pk": 32, "fields": {"title": "Prioritization of tasks", "insert_type": "system", "topic": 5}}, {"model": "common.skill", "pk": 33, "fields": {"title": "Attention to detail", "insert_type": "system", "topic": 5}}, {"model": "common.skill", "pk": 34, "fields": {"title": "Record-keeping and documentation", "insert_type": "system", "topic": 5}}, {"model": "common.skill", "pk": 35, "fields": {"title": "Resourcefulness in planning and logistics", "insert_type": "system", "topic": 5}}, {"model": "common.skill", "pk": 36, "fields": {"title": "Familiarity with hospitality management software (PMS like Opera or Amadeus)", "insert_type": "system", "topic": 6}}, {"model": "common.skill", "pk": 37, "fields": {"title": "Proficiency in Microsoft Office Suite (Excel, Word, etc.)", "insert_type": "system", "topic": 6}}, {"model": "common.skill", "pk": 38, "fields": {"title": "Social media and online presence management", "insert_type": "system", "topic": 6}}, {"model": "common.skill", "pk": 39, "fields": {"title": "Knowledge of booking and reservation systems", "insert_type": "system", "topic": 6}}, {"model": "common.skill", "pk": 40, "fields": {"title": "Understanding of POS (Point of Sale) systems", "insert_type": "system", "topic": 6}}, {"model": "common.skill", "pk": 41, "fields": {"title": "Understanding of diverse customs and traditions", "insert_type": "system", "topic": 7}}, {"model": "common.skill", "pk": 42, "fields": {"title": "Respect for different cultural norms and behaviors", "insert_type": "system", "topic": 7}}, {"model": "common.skill", "pk": 43, "fields": {"title": "Adaptability to international clients’ expectations", "insert_type": "system", "topic": 7}}, {"model": "common.skill", "pk": 44, "fields": {"title": "Upselling and cross-selling techniques", "insert_type": "system", "topic": 8}}, {"model": "common.skill", "pk": 45, "fields": {"title": "Basic marketing knowledge (social media, promotions)", "insert_type": "system", "topic": 8}}, {"model": "common.skill", "pk": 46, "fields": {"title": "Brand promotion and customer engagement", "insert_type": "system", "topic": 8}}, {"model": "common.skill", "pk": 47, "fields": {"title": "Customer loyalty program management", "insert_type": "system", "topic": 8}}, {"model": "common.skill", "pk": 48, "fields": {"title": "Budgeting and cost control", "insert_type": "system", "topic": 9}}, {"model": "common.skill", "pk": 49, "fields": {"title": "Financial reporting and analysis", "insert_type": "system", "topic": 9}}, {"model": "common.skill", "pk": 50, "fields": {"title": "Cash handling and reconciliation", "insert_type": "system", "topic": 9}}, {"model": "common.skill", "pk": 51, "fields": {"title": "Inventory management and control", "insert_type": "system", "topic": 9}}, {"model": "common.skill", "pk": 52, "fields": {"title": "Ability to work effectively in a team", "insert_type": "system", "topic": 10}}, {"model": "common.skill", "pk": 53, "fields": {"title": "Leadership and motivational skills", "insert_type": "system", "topic": 10}}, {"model": "common.skill", "pk": 54, "fields": {"title": "Delegation and responsibility sharing", "insert_type": "system", "topic": 10}}, {"model": "common.skill", "pk": 55, "fields": {"title": "Cross-departmental communication", "insert_type": "system", "topic": 10}}, {"model": "common.skill", "pk": 56, "fields": {"title": "Familiarity with food safety regulations", "insert_type": "system", "topic": 11}}, {"model": "common.skill", "pk": 57, "fields": {"title": "Knowledge of dietary restrictions and allergies", "insert_type": "system", "topic": 11}}, {"model": "common.skill", "pk": 58, "fields": {"title": "Basic mixology and bar skills", "insert_type": "system", "topic": 11}}, {"model": "common.skill", "pk": 59, "fields": {"title": "Food presentation and plating", "insert_type": "system", "topic": 11}}, {"model": "common.skill", "pk": 60, "fields": {"title": "Planning and organizing events", "insert_type": "system", "topic": 12}}, {"model": "common.skill", "pk": 61, "fields": {"title": "Vendor and supplier management", "insert_type": "system", "topic": 12}}, {"model": "common.skill", "pk": 62, "fields": {"title": "Coordinating with clients for specifications", "insert_type": "system", "topic": 12}}, {"model": "common.skill", "pk": 63, "fields": {"title": "Time management for event timelines", "insert_type": "system", "topic": 12}}, {"model": "common.skill", "pk": 64, "fields": {"title": "Understanding of occupational health and safety standards", "insert_type": "system", "topic": 13}}, {"model": "common.skill", "pk": 65, "fields": {"title": "First-aid and emergency response skills", "insert_type": "system", "topic": 13}}, {"model": "common.skill", "pk": 66, "fields": {"title": "Familiarity with sanitation and hygiene protocols", "insert_type": "system", "topic": 13}}, {"model": "common.skill", "pk": 67, "fields": {"title": "Noticing and addressing small issues proactively", "insert_type": "system", "topic": 14}}, {"model": "common.skill", "pk": 68, "fields": {"title": "Ensuring cleanliness and orderliness", "insert_type": "system", "topic": 14}}, {"model": "common.skill", "pk": 69, "fields": {"title": "Monitoring guest satisfaction through details", "insert_type": "system", "topic": 14}}, {"model": "common.skill", "pk": 70, "fields": {"title": "Ability to work different shifts (night, weekend)", "insert_type": "system", "topic": 15}}, {"model": "common.skill", "pk": 71, "fields": {"title": "Adapting to a fast-paced environment", "insert_type": "system", "topic": 15}}, {"model": "common.skill", "pk": 72, "fields": {"title": "Handling last-minute changes or guest requests", "insert_type": "system", "topic": 15}}, {"model": "common.skill", "pk": 73, "fields": {"title": "Building relationships with guests for repeat business", "insert_type": "system", "topic": 16}}, {"model": "common.skill", "pk": 74, "fields": {"title": "Connecting with suppliers and vendors", "insert_type": "system", "topic": 16}}, {"model": "common.skill", "pk": 75, "fields": {"title": "Community engagement and local partnerships", "insert_type": "system", "topic": 16}}, {"model": "common.skill", "pk": 76, "fields": {"title": "Ability to analyze financial statements, balance sheets, and income statements", "insert_type": "system", "topic": 17}}, {"model": "common.skill", "pk": 77, "fields": {"title": "Proficiency in interpreting financial data for credit risk, profitability, and other assessments", "insert_type": "system", "topic": 17}}, {"model": "common.skill", "pk": 78, "fields": {"title": "Skills in financial modeling, forecasting, and budgeting", "insert_type": "system", "topic": 17}}, {"model": "common.skill", "pk": 79, "fields": {"title": "Knowledge of financial ratios, trend analysis, and key performance indicators (KPIs)", "insert_type": "system", "topic": 17}}, {"model": "common.skill", "pk": 80, "fields": {"title": "Familiarity with risk assessment techniques (credit, market, operational, etc.)", "insert_type": "system", "topic": 18}}, {"model": "common.skill", "pk": 81, "fields": {"title": "Understanding of regulatory frameworks (e.g., Basel III, AML, KYC, Dodd-Frank)", "insert_type": "system", "topic": 18}}, {"model": "common.skill", "pk": 82, "fields": {"title": "Knowledge of compliance procedures and regulatory reporting requirements", "insert_type": "system", "topic": 18}}, {"model": "common.skill", "pk": 83, "fields": {"title": "Skills in identifying, measuring, and mitigating risks", "insert_type": "system", "topic": 18}}, {"model": "common.skill", "pk": 84, "fields": {"title": "Proficiency in client relationship management (CRM) tools", "insert_type": "system", "topic": 19}}, {"model": "common.skill", "pk": 85, "fields": {"title": "Strong interpersonal skills and communication skills", "insert_type": "system", "topic": 19}}, {"model": "common.skill", "pk": 86, "fields": {"title": "Ability to manage and nurture client relationships, resolve complaints, and meet customer needs", "insert_type": "system", "topic": 19}}, {"model": "common.skill", "pk": 87, "fields": {"title": "Sales skills for cross-selling and up-selling banking products", "insert_type": "system", "topic": 19}}, {"model": "common.skill", "pk": 88, "fields": {"title": "Knowledge of banking software (e.g., Finacle, Temenos, or Oracle FLEXCUBE)", "insert_type": "system", "topic": 20}}, {"model": "common.skill", "pk": 89, "fields": {"title": "Proficiency in Microsoft Office (especially Excel) and data analysis tools (SQL, SAS, R)", "insert_type": "system", "topic": 20}}, {"model": "common.skill", "pk": 90, "fields": {"title": "Understanding of cybersecurity protocols and data privacy", "insert_type": "system", "topic": 20}}, {"model": "common.skill", "pk": 91, "fields": {"title": "Familiarity with digital banking trends, such as online banking, mobile applications, and blockchain", "insert_type": "system", "topic": 20}}, {"model": "common.skill", "pk": 92, "fields": {"title": "Understanding of equity, debt, and derivative markets", "insert_type": "system", "topic": 21}}, {"model": "common.skill", "pk": 93, "fields": {"title": "Skills in portfolio management and investment analysis", "insert_type": "system", "topic": 21}}, {"model": "common.skill", "pk": 94, "fields": {"title": "Knowledge of mergers and acquisitions (M&A), IPOs, and bond markets", "insert_type": "system", "topic": 21}}, {"model": "common.skill", "pk": 95, "fields": {"title": "Financial structuring and valuation expertise", "insert_type": "system", "topic": 21}}, {"model": "common.skill", "pk": 96, "fields": {"title": "Skills in identifying new business opportunities and networking", "insert_type": "system", "topic": 22}}, {"model": "common.skill", "pk": 97, "fields": {"title": "Proficiency in presenting and selling financial products, such as loans, credit cards, and investments", "insert_type": "system", "topic": 22}}, {"model": "common.skill", "pk": 98, "fields": {"title": "Market research and lead generation skills", "insert_type": "system", "topic": 22}}, {"model": "common.skill", "pk": 99, "fields": {"title": "Ability to develop sales strategies and meet sales targets", "insert_type": "system", "topic": 22}}, {"model": "common.skill", "pk": 100, "fields": {"title": "Proficiency in managing and maintaining financial records", "insert_type": "system", "topic": 23}}, {"model": "common.skill", "pk": 101, "fields": {"title": "Knowledge of Generally Accepted Accounting Principles (GAAP) and International Financial Reporting Standards (IFRS)", "insert_type": "system", "topic": 23}}, {"model": "common.skill", "pk": 102, "fields": {"title": "Skills in managing accounts payable and receivable, reconciliations, and bookkeeping", "insert_type": "system", "topic": 23}}, {"model": "common.skill", "pk": 103, "fields": {"title": "Ability to prepare accurate financial reports", "insert_type": "system", "topic": 23}}, {"model": "common.skill", "pk": 104, "fields": {"title": "Skills in assessing creditworthiness and performing credit analysis", "insert_type": "system", "topic": 24}}, {"model": "common.skill", "pk": 105, "fields": {"title": "Ability to structure loans, manage loan portfolios, and monitor credit risk", "insert_type": "system", "topic": 24}}, {"model": "common.skill", "pk": 106, "fields": {"title": "Familiarity with credit scoring models and credit reporting", "insert_type": "system", "topic": 24}}, {"model": "common.skill", "pk": 107, "fields": {"title": "Knowledge of lending laws, regulations, and procedures", "insert_type": "system", "topic": 24}}, {"model": "common.skill", "pk": 108, "fields": {"title": "Strong mathematical and statistical skills", "insert_type": "system", "topic": 25}}, {"model": "common.skill", "pk": 109, "fields": {"title": "Ability to conduct quantitative research and modeling", "insert_type": "system", "topic": 25}}, {"model": "common.skill", "pk": 110, "fields": {"title": "Familiarity with statistical tools (e.g., SPSS, Python, R)", "insert_type": "system", "topic": 25}}, {"model": "common.skill", "pk": 111, "fields": {"title": "Problem-solving skills to interpret complex financial data", "insert_type": "system", "topic": 25}}, {"model": "common.skill", "pk": 112, "fields": {"title": "Strong focus on accuracy in financial transactions and record-keeping", "insert_type": "system", "topic": 26}}, {"model": "common.skill", "pk": 113, "fields": {"title": "Ability to identify discrepancies and prevent errors", "insert_type": "system", "topic": 26}}, {"model": "common.skill", "pk": 114, "fields": {"title": "Attention to detail in regulatory compliance and documentation", "insert_type": "system", "topic": 26}}, {"model": "common.skill", "pk": 115, "fields": {"title": "Vigilance in monitoring accounts for fraudulent activity", "insert_type": "system", "topic": 26}}, {"model": "common.skill", "pk": 116, "fields": {"title": "Ability to plan, execute, and monitor banking projects", "insert_type": "system", "topic": 27}}, {"model": "common.skill", "pk": 117, "fields": {"title": "Skills in budgeting, resource allocation, and timeline management", "insert_type": "system", "topic": 27}}, {"model": "common.skill", "pk": 118, "fields": {"title": "Familiarity with project management software (e.g., MS Project, Trello)", "insert_type": "system", "topic": 27}}, {"model": "common.skill", "pk": 119, "fields": {"title": "Ability to coordinate with cross-functional teams", "insert_type": "system", "topic": 27}}, {"model": "common.skill", "pk": 120, "fields": {"title": "Clear and effective verbal and written communication", "insert_type": "system", "topic": 28}}, {"model": "common.skill", "pk": 121, "fields": {"title": "Ability to explain complex financial concepts to clients and colleagues", "insert_type": "system", "topic": 28}}, {"model": "common.skill", "pk": 122, "fields": {"title": "Skills in negotiation and conflict resolution", "insert_type": "system", "topic": 28}}, {"model": "common.skill", "pk": 123, "fields": {"title": "Teamwork and collaboration with colleagues and stakeholders", "insert_type": "system", "topic": 28}}, {"model": "common.skill", "pk": 124, "fields": {"title": "Expertise in wealth management and financial planning", "insert_type": "system", "topic": 29}}, {"model": "common.skill", "pk": 125, "fields": {"title": "Skills in retirement planning, estate planning, and investment advisory", "insert_type": "system", "topic": 29}}, {"model": "common.skill", "pk": 126, "fields": {"title": "Knowledge of tax implications and benefits of various financial products", "insert_type": "system", "topic": 29}}, {"model": "common.skill", "pk": 127, "fields": {"title": "Ability to create and manage financial plans for clients", "insert_type": "system", "topic": 29}}, {"model": "common.skill", "pk": 128, "fields": {"title": "Adherence to ethical standards and industry best practices", "insert_type": "system", "topic": 30}}, {"model": "common.skill", "pk": 129, "fields": {"title": "Ability to handle sensitive financial information confidentially", "insert_type": "system", "topic": 30}}, {"model": "common.skill", "pk": 130, "fields": {"title": "Compliance with anti-money laundering (AML) laws and fraud prevention", "insert_type": "system", "topic": 30}}, {"model": "common.skill", "pk": 131, "fields": {"title": "Decision-making that prioritizes client and institutional trust", "insert_type": "system", "topic": 30}}, {"model": "common.skill", "pk": 132, "fields": {"title": "In-depth knowledge of specific banking products (e.g., mortgages, personal loans, business loans)", "insert_type": "system", "topic": 31}}, {"model": "common.skill", "pk": 133, "fields": {"title": "Expertise in specialized areas such as wealth management, asset management, and insurance", "insert_type": "system", "topic": 31}}, {"model": "common.skill", "pk": 134, "fields": {"title": "Ability to tailor products to meet customer needs", "insert_type": "system", "topic": 31}}, {"model": "common.skill", "pk": 135, "fields": {"title": "Awareness of competitive products and industry trends", "insert_type": "system", "topic": 31}}, {"model": "common.skill", "pk": 136, "fields": {"title": "Ability to manage a high volume of transactions and responsibilities", "insert_type": "system", "topic": 32}}, {"model": "common.skill", "pk": 137, "fields": {"title": "Skills in prioritizing tasks and meeting deadlines", "insert_type": "system", "topic": 32}}, {"model": "common.skill", "pk": 138, "fields": {"title": "Efficient record-keeping and document management", "insert_type": "system", "topic": 32}}, {"model": "common.skill", "pk": 139, "fields": {"title": "Adaptability to changing client needs and work demands", "insert_type": "system", "topic": 32}}, {"model": "common.skill", "pk": 140, "fields": {"title": "Skills in negotiating loan terms, investment conditions, and service fees", "insert_type": "system", "topic": 33}}, {"model": "common.skill", "pk": 141, "fields": {"title": "Persuasive communication for sales and client onboarding", "insert_type": "system", "topic": 33}}, {"model": "common.skill", "pk": 142, "fields": {"title": "Conflict resolution and compromise in financial agreements", "insert_type": "system", "topic": 33}}, {"model": "common.skill", "pk": 143, "fields": {"title": "Tactful handling of sensitive financial conversations", "insert_type": "system", "topic": 33}}, {"model": "common.skill", "pk": 144, "fields": {"title": "Understanding of economic indicators and their impact on banking", "insert_type": "system", "topic": 34}}, {"model": "common.skill", "pk": 145, "fields": {"title": "Familiarity with interest rates, inflation, exchange rates, and other economic factors", "insert_type": "system", "topic": 34}}, {"model": "common.skill", "pk": 146, "fields": {"title": "Awareness of global and domestic financial trends", "insert_type": "system", "topic": 34}}, {"model": "common.skill", "pk": 147, "fields": {"title": "Ability to use economic knowledge in investment and loan decision-making", "insert_type": "system", "topic": 34}}, {"model": "common.skill", "pk": 148, "fields": {"title": "Understanding of laws governing the banking industry (e.g., anti-money laundering, consumer protection)", "insert_type": "system", "topic": 35}}, {"model": "common.skill", "pk": 149, "fields": {"title": "Knowledge of regulatory bodies and reporting requirements (e.g., SEC, FINTRAC)", "insert_type": "system", "topic": 35}}, {"model": "common.skill", "pk": 150, "fields": {"title": "Awareness of banking ethics and codes of conduct", "insert_type": "system", "topic": 35}}, {"model": "common.skill", "pk": 151, "fields": {"title": "Ability to monitor and implement compliance measures", "insert_type": "system", "topic": 35}}, {"model": "common.skill", "pk": 152, "fields": {"title": "Ability to manage high-pressure situations, such as financial crises", "insert_type": "system", "topic": 36}}, {"model": "common.skill", "pk": 153, "fields": {"title": "Adaptability to market fluctuations and economic changes", "insert_type": "system", "topic": 36}}, {"model": "common.skill", "pk": 154, "fields": {"title": "Resilience in meeting demanding targets and timelines", "insert_type": "system", "topic": 36}}, {"model": "common.skill", "pk": 155, "fields": {"title": "Emotional intelligence in handling customer interactions and sensitive financial matters", "insert_type": "system", "topic": 36}}, {"model": "common.skill", "pk": 156, "fields": {"title": "Proficiency in operating heavy machinery (e.g., bulldozers, excavators, cranes)", "insert_type": "system", "topic": 37}}, {"model": "common.skill", "pk": 157, "fields": {"title": "Carpentry skills for framing, roofing, and interior work", "insert_type": "system", "topic": 37}}, {"model": "common.skill", "pk": 158, "fields": {"title": "Concrete and masonry skills for foundation, walls, and pathways", "insert_type": "system", "topic": 37}}, {"model": "common.skill", "pk": 159, "fields": {"title": "Electrical work knowledge, including wiring and circuitry", "insert_type": "system", "topic": 37}}, {"model": "common.skill", "pk": 160, "fields": {"title": "Plumbing skills, including installation of pipes, fixtures, and drainage", "insert_type": "system", "topic": 37}}, {"model": "common.skill", "pk": 161, "fields": {"title": "HVAC (Heating, Ventilation, and Air Conditioning) installation and maintenance", "insert_type": "system", "topic": 37}}, {"model": "common.skill", "pk": 162, "fields": {"title": "Ability to read and interpret architectural and engineering drawings", "insert_type": "system", "topic": 38}}, {"model": "common.skill", "pk": 163, "fields": {"title": "Understanding of schematics, floor plans, and layout maps", "insert_type": "system", "topic": 38}}, {"model": "common.skill", "pk": 164, "fields": {"title": "Knowledge of symbols, measurements, and scales used in blueprints", "insert_type": "system", "topic": 38}}, {"model": "common.skill", "pk": 165, "fields": {"title": "Skills in following specifications and design requirements accurately", "insert_type": "system", "topic": 38}}, {"model": "common.skill", "pk": 166, "fields": {"title": "Planning, organizing, and managing resources for timely completion", "insert_type": "system", "topic": 39}}, {"model": "common.skill", "pk": 167, "fields": {"title": "Budgeting, cost estimation, and financial management of projects", "insert_type": "system", "topic": 39}}, {"model": "common.skill", "pk": 168, "fields": {"title": "Scheduling and timeline management to meet deadlines", "insert_type": "system", "topic": 39}}, {"model": "common.skill", "pk": 169, "fields": {"title": "Delegation and oversight of tasks across teams", "insert_type": "system", "topic": 39}}, {"model": "common.skill", "pk": 170, "fields": {"title": "Knowledge of local, national, and international building codes (e.g., IBC, NEC)", "insert_type": "system", "topic": 40}}, {"model": "common.skill", "pk": 171, "fields": {"title": "Familiarity with OSHA safety standards and regulations", "insert_type": "system", "topic": 40}}, {"model": "common.skill", "pk": 172, "fields": {"title": "Compliance with zoning laws and environmental guidelines", "insert_type": "system", "topic": 40}}, {"model": "common.skill", "pk": 173, "fields": {"title": "Understanding of structural, electrical, and plumbing code requirements", "insert_type": "system", "topic": 40}}, {"model": "common.skill", "pk": 174, "fields": {"title": "Understanding of occupational health and safety protocols", "insert_type": "system", "topic": 41}}, {"model": "common.skill", "pk": 175, "fields": {"title": "Hazard identification, risk assessment, and safety planning", "insert_type": "system", "topic": 41}}, {"model": "common.skill", "pk": 176, "fields": {"title": "Knowledge of personal protective equipment (PPE) usage", "insert_type": "system", "topic": 41}}, {"model": "common.skill", "pk": 177, "fields": {"title": "Emergency response and first-aid skills", "insert_type": "system", "topic": 41}}, {"model": "common.skill", "pk": 178, "fields": {"title": "Knowledge of load-bearing principles and structural stability", "insert_type": "system", "topic": 42}}, {"model": "common.skill", "pk": 179, "fields": {"title": "Understanding of materials' strengths, weights, and flexibility", "insert_type": "system", "topic": 42}}, {"model": "common.skill", "pk": 180, "fields": {"title": "Skills in assessing foundation needs and load distribution", "insert_type": "system", "topic": 42}}, {"model": "common.skill", "pk": 181, "fields": {"title": "Familiarity with soil mechanics and site grading", "insert_type": "system", "topic": 42}}, {"model": "common.skill", "pk": 182, "fields": {"title": "Basic arithmetic and geometry for measurements and calculations", "insert_type": "system", "topic": 43}}, {"model": "common.skill", "pk": 183, "fields": {"title": "Ability to calculate area, volume, and angles accurately", "insert_type": "system", "topic": 43}}, {"model": "common.skill", "pk": 184, "fields": {"title": "Understanding of metric and imperial systems", "insert_type": "system", "topic": 43}}, {"model": "common.skill", "pk": 185, "fields": {"title": "Skills in measuring distances, depths, and levels precisely", "insert_type": "system", "topic": 43}}, {"model": "common.skill", "pk": 186, "fields": {"title": "Understanding of building materials like concrete, steel, wood, and composites", "insert_type": "system", "topic": 44}}, {"model": "common.skill", "pk": 187, "fields": {"title": "Awareness of material properties, durability, and best applications", "insert_type": "system", "topic": 44}}, {"model": "common.skill", "pk": 188, "fields": {"title": "Skills in sourcing quality materials and managing inventory", "insert_type": "system", "topic": 44}}, {"model": "common.skill", "pk": 189, "fields": {"title": "Knowledge of sustainable and eco-friendly material options", "insert_type": "system", "topic": 44}}, {"model": "common.skill", "pk": 190, "fields": {"title": "Skilled in handling hand tools (e.g., hammers, saws, levels)", "insert_type": "system", "topic": 45}}, {"model": "common.skill", "pk": 191, "fields": {"title": "Ability to operate power tools (e.g., drills, saws, nail guns)", "insert_type": "system", "topic": 45}}, {"model": "common.skill", "pk": 192, "fields": {"title": "Proficiency with surveying equipment (e.g., theodolites, laser levels)", "insert_type": "system", "topic": 45}}, {"model": "common.skill", "pk": 193, "fields": {"title": "Maintenance and troubleshooting of tools and machinery", "insert_type": "system", "topic": 45}}, {"model": "common.skill", "pk": 194, "fields": {"title": "Ability to work effectively in diverse teams", "insert_type": "system", "topic": 46}}, {"model": "common.skill", "pk": 195, "fields": {"title": "Strong interpersonal and communication skills", "insert_type": "system", "topic": 46}}, {"model": "common.skill", "pk": 196, "fields": {"title": "Experience with cross-functional teams, including architects and engineers", "insert_type": "system", "topic": 46}}, {"model": "common.skill", "pk": 197, "fields": {"title": "Conflict resolution and cooperative problem-solving", "insert_type": "system", "topic": 46}}, {"model": "common.skill", "pk": 198, "fields": {"title": "Skills in scheduling daily tasks and project milestones", "insert_type": "system", "topic": 47}}, {"model": "common.skill", "pk": 199, "fields": {"title": "Prioritizing tasks to meet deadlines efficiently", "insert_type": "system", "topic": 47}}, {"model": "common.skill", "pk": 200, "fields": {"title": "Ability to handle high-pressure environments and tight schedules", "insert_type": "system", "topic": 47}}, {"model": "common.skill", "pk": 201, "fields": {"title": "Adaptability to changes in project scope or unexpected delays", "insert_type": "system", "topic": 47}}, {"model": "common.skill", "pk": 202, "fields": {"title": "Ability to troubleshoot and resolve on-site issues quickly", "insert_type": "system", "topic": 48}}, {"model": "common.skill", "pk": 203, "fields": {"title": "Critical thinking skills to assess structural or procedural challenges", "insert_type": "system", "topic": 48}}, {"model": "common.skill", "pk": 204, "fields": {"title": "Creativity in finding practical solutions to construction problems", "insert_type": "system", "topic": 48}}, {"model": "common.skill", "pk": 205, "fields": {"title": "Resourcefulness in making adjustments with limited resources", "insert_type": "system", "topic": 48}}, {"model": "common.skill", "pk": 206, "fields": {"title": "Knowledge of sustainable construction practices", "insert_type": "system", "topic": 49}}, {"model": "common.skill", "pk": 207, "fields": {"title": "Understanding of energy-efficient design and green building standards (e.g., LEED certification)", "insert_type": "system", "topic": 49}}, {"model": "common.skill", "pk": 208, "fields": {"title": "Waste management and recycling practices", "insert_type": "system", "topic": 49}}, {"model": "common.skill", "pk": 209, "fields": {"title": "Awareness of environmental impact and preservation of natural resources", "insert_type": "system", "topic": 49}}, {"model": "common.skill", "pk": 210, "fields": {"title": "Proficiency in using surveying tools to measure land", "insert_type": "system", "topic": 50}}, {"model": "common.skill", "pk": 211, "fields": {"title": "Skills in establishing reference points and setting benchmarks", "insert_type": "system", "topic": 50}}, {"model": "common.skill", "pk": 212, "fields": {"title": "Ability to create accurate site layouts based on blueprints", "insert_type": "system", "topic": 50}}, {"model": "common.skill", "pk": 213, "fields": {"title": "Knowledge of topographic, boundary, and construction surveys", "insert_type": "system", "topic": 50}}, {"model": "common.skill", "pk": 214, "fields": {"title": "Clear and effective verbal and written communication", "insert_type": "system", "topic": 51}}, {"model": "common.skill", "pk": 215, "fields": {"title": "Ability to convey technical information to clients and team members", "insert_type": "system", "topic": 51}}, {"model": "common.skill", "pk": 216, "fields": {"title": "Skills in reporting progress, issues, and updates", "insert_type": "system", "topic": 51}}, {"model": "common.skill", "pk": 217, "fields": {"title": "Negotiation skills for dealing with clients and suppliers", "insert_type": "system", "topic": 51}}, {"model": "common.skill", "pk": 218, "fields": {"title": "Knowledge of quality standards for materials and workmanship", "insert_type": "system", "topic": 52}}, {"model": "common.skill", "pk": 219, "fields": {"title": "Skills in inspecting work for adherence to specifications", "insert_type": "system", "topic": 52}}, {"model": "common.skill", "pk": 220, "fields": {"title": "Attention to detail in identifying flaws and areas for improvement", "insert_type": "system", "topic": 52}}, {"model": "common.skill", "pk": 221, "fields": {"title": "Familiarity with inspection checklists and quality documentation", "insert_type": "system", "topic": 52}}, {"model": "common.skill", "pk": 222, "fields": {"title": "Certified skills for operating excavators, loaders, and forklifts", "insert_type": "system", "topic": 53}}, {"model": "common.skill", "pk": 223, "fields": {"title": "Understanding of equipment safety protocols", "insert_type": "system", "topic": 53}}, {"model": "common.skill", "pk": 224, "fields": {"title": "Routine equipment maintenance and troubleshooting", "insert_type": "system", "topic": 53}}, {"model": "common.skill", "pk": 225, "fields": {"title": "Awareness of load limits and operating conditions", "insert_type": "system", "topic": 53}}, {"model": "common.skill", "pk": 226, "fields": {"title": "Skills in estimating costs of materials, labor, and time", "insert_type": "system", "topic": 54}}, {"model": "common.skill", "pk": 227, "fields": {"title": "Budget planning and management for projects", "insert_type": "system", "topic": 54}}, {"model": "common.skill", "pk": 228, "fields": {"title": "Knowledge of cost-saving techniques and value engineering", "insert_type": "system", "topic": 54}}, {"model": "common.skill", "pk": 229, "fields": {"title": "Ability to manage financial records and control project expenses", "insert_type": "system", "topic": 54}}, {"model": "common.skill", "pk": 230, "fields": {"title": "Proficiency in CAD software (e.g., AutoCAD, Revit, SketchUp)", "insert_type": "system", "topic": 55}}, {"model": "common.skill", "pk": 231, "fields": {"title": "Skills in creating and editing digital models and blueprints", "insert_type": "system", "topic": 55}}, {"model": "common.skill", "pk": 232, "fields": {"title": "Understanding of 3D modeling and visualization techniques", "insert_type": "system", "topic": 55}}, {"model": "common.skill", "pk": 233, "fields": {"title": "Familiarity with BIM (Building Information Modeling) tools", "insert_type": "system", "topic": 55}}, {"model": "common.skill", "pk": 234, "fields": {"title": "Skills in welding processes (e.g., MIG, TIG, Arc welding)", "insert_type": "system", "topic": 56}}, {"model": "common.skill", "pk": 235, "fields": {"title": "Knowledge of metal types and welding techniques", "insert_type": "system", "topic": 56}}, {"model": "common.skill", "pk": 236, "fields": {"title": "Ability to read welding diagrams and blueprints", "insert_type": "system", "topic": 56}}, {"model": "common.skill", "pk": 237, "fields": {"title": "Familiarity with safety standards for welding", "insert_type": "system", "topic": 56}}, {"model": "common.skill", "pk": 238, "fields": {"title": "Proficiency in concrete mixing, pouring, and curing", "insert_type": "system", "topic": 57}}, {"model": "common.skill", "pk": 239, "fields": {"title": "Knowledge of formwork design and installation", "insert_type": "system", "topic": 57}}, {"model": "common.skill", "pk": 240, "fields": {"title": "Skills in creating foundations, walls, and other concrete structures", "insert_type": "system", "topic": 57}}, {"model": "common.skill", "pk": 241, "fields": {"title": "Understanding of reinforced concrete and rebar usage", "insert_type": "system", "topic": 57}}, {"model": "common.skill", "pk": 242, "fields": {"title": "Certification and safety training for working on scaffolding", "insert_type": "system", "topic": 58}}, {"model": "common.skill", "pk": 243, "fields": {"title": "Knowledge of proper scaffold setup and load limits", "insert_type": "system", "topic": 58}}, {"model": "common.skill", "pk": 244, "fields": {"title": "Skills in safely working on rooftops, ladders, and elevated platforms", "insert_type": "system", "topic": 58}}, {"model": "common.skill", "pk": 245, "fields": {"title": "Understanding of fall protection and safety harness usage", "insert_type": "system", "topic": 58}}, {"model": "common.skill", "pk": 246, "fields": {"title": "Basic mechanical skills for equipment repair and maintenance", "insert_type": "system", "topic": 59}}, {"model": "common.skill", "pk": 247, "fields": {"title": "Understanding of electrical systems, wiring, and circuits", "insert_type": "system", "topic": 59}}, {"model": "common.skill", "pk": 248, "fields": {"title": "Knowledge of plumbing and HVAC systems", "insert_type": "system", "topic": 59}}, {"model": "common.skill", "pk": 249, "fields": {"title": "Ability to diagnose and repair minor mechanical issues", "insert_type": "system", "topic": 59}}, {"model": "common.skill", "pk": 250, "fields": {"title": "Proficiency in estimating and project management software (e.g., Procore, Bluebeam, Buildertrend)", "insert_type": "system", "topic": 60}}, {"model": "common.skill", "pk": 251, "fields": {"title": "Familiarity with construction management platforms", "insert_type": "system", "topic": 60}}, {"model": "common.skill", "pk": 252, "fields": {"title": "Skills in tracking costs, timelines, and project progress digitally", "insert_type": "system", "topic": 60}}, {"model": "common.skill", "pk": 253, "fields": {"title": "Adaptability to new construction technologies and tools", "insert_type": "system", "topic": 60}}, {"model": "common.skill", "pk": 254, "fields": {"title": "Skills in tracking material usage and stock levels", "insert_type": "system", "topic": 61}}, {"model": "common.skill", "pk": 255, "fields": {"title": "Knowledge of inventory management systems", "insert_type": "system", "topic": 61}}, {"model": "common.skill", "pk": 256, "fields": {"title": "Ability to prevent material wastage and ensure timely restocking", "insert_type": "system", "topic": 61}}, {"model": "common.skill", "pk": 257, "fields": {"title": "Familiarity with ordering procedures and supplier negotiations", "insert_type": "system", "topic": 61}}, {"model": "common.position", "pk": 1, "fields": {"title": "Chief Technology Officer (CTO)"}}, {"model": "common.position", "pk": 2, "fields": {"title": "Chief Executive Officer (CEO)"}}, {"model": "common.position", "pk": 3, "fields": {"title": "Chief Financial Officer (CFO)"}}, {"model": "common.position", "pk": 4, "fields": {"title": "Chief Product Officer (CPO)"}}, {"model": "common.position", "pk": 5, "fields": {"title": "Chief Security Officer (CSO)"}}, {"model": "common.position", "pk": 6, "fields": {"title": "General Manager"}}, {"model": "common.position", "pk": 7, "fields": {"title": "Vice President (VP) of Operations"}}, {"model": "common.position", "pk": 8, "fields": {"title": "Vice President (VP) of Engineering"}}, {"model": "common.position", "pk": 9, "fields": {"title": "Head of Product"}}, {"model": "common.position", "pk": 10, "fields": {"title": "Marketing Director"}}, {"model": "common.position", "pk": 11, "fields": {"title": "Sales Director"}}, {"model": "common.languageproficiencytest", "pk": 1, "fields": {"title": "IELTS", "min_score": 0.0, "max_score": 8.0, "overall_min_score": 0.0, "overall_max_score": 8.0}}, {"model": "common.languageproficiencytest", "pk": 2, "fields": {"title": "TOEFL", "min_score": 0.0, "max_score": 30.0, "overall_min_score": 0.0, "overall_max_score": 120.0}}, {"model": "common.languageproficiencytest", "pk": 3, "fields": {"title": "Duolingo", "min_score": 0.0, "max_score": 100.0, "overall_min_score": 0.0, "overall_max_score": 1.0}}]